jumlah_siswa_1_5,indeks_mapel_un_1_5,ranking_mapel_un_1_5,persentase_ranking_un_1_5,jumlah_siswa_3_5,indeks_mapel_un_3_5,ranking_mapel_un_3_5,persentase_ranking_un_3_5,lulus_tpb
3,78.8165,1,33.33333333,3,78.15530303,1,33.33333333,0
68,85.4865,11,16.17647059,68,84.025,8,11.76470588,1
34,84.7756,13,38.23529412,34,83.91533333,8,23.52941176,1
83,78.2963,16,19.27710843,83,78.77777778,18,21.68674699,1
67,87.973,39,58.20895522,67,86.66666667,44,65.67164179,1
67,89.2973,33,49.25373134,67,90.04166667,28,41.79104478,1
32,91.5986,3,9.375,32,93.36363636,5,15.625,0
224,83.1518,111,49.55357143,217,85.55555556,86,39.63133641,1
224,83.4464,93,41.51785714,217,86,70,32.25806452,1
224,87.9286,9,4.017857143,217,89.77777778,10,4.608294931,0
157,86.8172,6,3.821656051,157,88.68939394,5,3.184713376,1
224,83.0357,116,51.78571429,217,84.88888889,108,49.76958525,1
148,89.0956,5,3.378378378,148,88.96510673,11,7.432432432,1
36,82.7297,2,5.555555556,36,80.85833333,1,2.777777778,0
50,89.1081,12,24,50,90.175,11,22,1
23,81.027,3,13.04347826,23,81.1,4,17.39130435,1
9,83.9671,2,22.22222222,9,83.93333333,1,11.11111111,1
8,85.4797,4,50,8,88.25925926,3,37.5,1
255,79.8968,66,25.88235294,252,81.69135803,83,32.93650794,1
299,82.8878,147,49.1638796,299,84.03030303,138,46.15384615,1
263,83.0556,69,26.23574144,260,85.61111111,79,30.38461538,1
212,82.625,72,33.96226415,212,85.29780702,66,31.13207547,0
198,81.2294,56,28.28282828,198,82.88888889,58,29.29292929,0
110,84.2202,53,48.18181818,110,86.24,57,51.81818182,1
151,84.3388,60,39.73509934,151,87.14814815,44,29.13907285,0
34,83.4205,26,76.47058824,34,81.12894118,25,73.52941176,1
27,80.7037,17,62.96296296,27,81.22222222,15,55.55555556,0
263,81.9815,137,52.09125475,260,84.33333333,146,56.15384615,1
33,85.4074,13,39.39393939,23,87.38888889,4,17.39130435,1
240,81.3106,125,52.08333333,244,81.91028708,141,57.78688525,1
299,83.1869,139,46.48829431,299,84.24242424,124,41.47157191,1
94,81.8185,18,19.14893617,94,82.37878788,21,22.34042553,1
73,86.4815,14,19.17808219,72,87.33333333,12,16.66666667,1
27,85.272,3,11.11111111,27,86.21794872,3,11.11111111,1
104,85.7094,41,39.42307692,104,88.30222222,27,25.96153846,1
60,81.1636,14,23.33333333,60,80.57264957,17,28.33333333,1
186,79.2632,126,67.74193548,165,79.96717172,106,64.24242424,1
117,79.992,22,18.8034188,117,83.58743842,15,12.82051282,1
39,79.7981,30,76.92307692,37,79.66666666,25,67.56756757,1
363,84.7707,157,43.25068871,363,85.352657,166,45.73002755,1
38,82.0135,2,5.263157895,38,83.24166667,3,7.894736842,1
299,81.8972,184,61.53846154,299,82.66666667,193,64.54849498,1
136,87.1111,41,30.14705882,136,89.27777778,37,27.20588235,0
136,87.4259,30,22.05882353,136,89.5,18,13.23529412,0
103,80.1346,50,48.54368932,103,80.57575758,51,49.51456311,1
106,80.9519,51,48.11320755,106,82.33333333,41,38.67924528,1
173,80.7576,101,58.38150289,155,82.11590909,83,53.5483871,1
77,83.0741,35,45.45454545,77,83.38888889,43,55.84415584,1
98,80.4206,54,55.10204082,97,80.87878788,54,55.67010309,1
54,80.2973,9,16.66666667,54,80.475,12,22.22222222,1
93,79.8654,35,37.6344086,93,81.93939394,36,38.70967742,1
93,81.5962,30,32.25806452,93,85.75757575,24,25.80645161,0
299,82.0467,181,60.53511706,299,83.42424242,167,55.85284281,1
256,88.4712,12,4.6875,256,90.18181818,13,5.078125,1
104,76.6111,55,52.88461538,104,79.72222222,43,41.34615385,1
141,80.2377,58,41.13475177,141,80.78964862,86,60.9929078,1
186,81.3333,15,8.064516129,184,83.72222222,15,8.152173913,0
299,80.7757,226,75.58528428,299,82.12121212,215,71.90635452,1
154,85.8846,50,32.46753247,152,87.57575757,49,32.23684211,1
38,81.6216,4,10.52631579,38,83.06666667,3,7.894736842,1
98,79.2991,79,80.6122449,97,80.09090909,65,67.01030928,1
154,86.8942,31,20.12987013,152,87.72727273,46,30.26315789,1
208,83.4068,74,35.57692308,207,85.83333333,92,44.44444444,0
27,84.3148,5,18.51851852,27,85.33333333,6,22.22222222,1
78,92.4906,7,8.974358974,75,93.27272727,11,14.66666667,0
78,92.8302,6,7.692307692,75,93.83333333,8,10.66666667,1
116,81.5431,17,14.65517241,116,81.42307692,21,18.10344828,1
102,84.7153,26,25.49019608,102,84.3890404,22,21.56862745,1
25,80.7568,21,84,25,80.95833333,18,72,1
31,81.0541,3,9.677419355,31,83.8,7,22.58064516,1
93,83.6346,15,16.12903226,93,85.45454546,26,27.95698925,1
263,83.6111,37,14.06844106,260,85.94444444,51,19.61538462,1
208,81.2458,166,79.80769231,207,84.37179487,144,69.56521739,1
193,78.6731,58,30.05181347,193,79.33333334,101,52.33160622,1
73,82.6034,5,6.849315068,73,83.7051282,41,56.16438356,1
208,83.4322,72,34.61538462,207,86.8076923,52,25.12077295,1
134,76.4712,54,40.29850746,134,77.97727273,46,34.32835821,0
104,84.9658,56,53.84615385,104,86.47061728,66,63.46153846,1
93,81.9286,2,2.150537634,93,84.17094017,3,3.225806452,1
269,79.8558,164,60.96654275,268,79.72727272,191,71.26865672,0
363,83.0955,299,82.36914601,363,84.12779974,284,78.2369146,1
72,79.8249,32,44.44444444,72,80.33875,42,58.33333333,1
5,87.4704,3,60,5,88.65151515,3,60,1
463,84.9615,322,69.54643629,426,86.57575758,309,72.53521127,1
117,84.4615,56,47.86324786,117,85.21212121,53,45.2991453,1
463,85.75,233,50.32397408,426,86.63636364,275,64.55399061,1
102,79.8003,73,71.56862745,102,79.10691919,67,65.68627451,1
110,81.1818,25,22.72727273,107,79.41111111,74,69.1588785,1
263,82.7222,93,35.36121673,260,85.44444445,81,31.15384615,1
160,83.1638,113,70.625,160,88.27777778,84,52.5,0
263,82.8519,81,30.79847909,260,86.33333334,38,14.61538462,0
124,81.3148,12,9.677419355,124,83.33333333,11,8.870967742,1
171,90.1667,2,1.169590643,171,91.94444444,3,1.754385965,1
243,88.1491,3,1.234567901,242,89.54166667,15,6.198347107,0
25,76.8547,15,60,25,79.96296296,10,40,1
104,81.2672,32,30.76923077,104,83.17948718,29,27.88461538,0
75,92.1286,11,14.66666667,75,94.13095238,12,16,1
14,79.8003,14,100,14,78.55555556,13,92.85714286,1
132,78.9904,85,64.39393939,132,80.60606061,80,60.60606061,1
152,82.8468,79,51.97368421,152,83.30666667,93,61.18421053,1
42,90.0556,1,2.380952381,42,92,1,2.380952381,1
98,85.1808,6,6.12244898,98,83.26666667,12,12.24489796,1
140,80.4453,46,32.85714286,140,81.81984127,44,31.42857143,1
102,81.9528,52,50.98039216,102,80.82626263,45,44.11764706,1
234,80.0385,149,63.67521368,234,82.66666667,84,35.8974359,1
64,82.1081,3,4.6875,64,82.625,1,1.5625,1
124,86.8148,4,3.225806452,124,87.88888889,7,5.64516129,0
38,84,18,47.36842105,38,87.41897436,12,31.57894737,1
160,85.4655,67,41.875,160,89.38888889,88,55,1
7,78.479,7,100,7,79.06666667,7,100,1
149,83.1656,17,11.40939597,149,84.47090909,29,19.46308725,1
154,84.8558,81,52.5974026,152,86.30303031,63,41.44736842,1
141,80.1731,13,9.219858156,141,80.36363636,23,16.31205674,1
241,78.246,174,72.19917012,241,80.33333333,111,46.05809129,1
190,78.4074,77,40.52631579,190,81.88888889,55,28.94736842,1
263,83.537,39,14.82889734,260,86.22222222,41,15.76923077,1
17,85.4444,4,23.52941176,17,86.44444445,1,5.882352941,1
102,81.1481,47,46.07843137,102,82.44444444,45,44.11764706,1
117,83.6061,71,60.68376068,190,85.83164983,68,35.78947368,1
226,87.2963,23,10.17699115,226,88.88888889,17,7.522123894,1
154,86.4423,37,24.02597403,152,87.21212121,67,44.07894737,1
76,90,9,11.84210526,76,92.08333333,12,15.78947368,0
54,79.8409,5,9.259259259,40,81.20809524,8,20,1
129,78.7778,90,69.76744186,129,80,79,61.24031008,1
38,81.7635,3,7.894736842,38,83.375,2,5.263157895,1
363,86.2803,59,16.25344353,363,87.19104084,32,8.815426997,1
227,84.7265,13,5.726872247,227,86.96058879,16,7.04845815,1
100,83.125,1,1,100,82.54545454,4,4,1
107,87.463,3,2.803738318,107,88.05555555,2,1.869158879,1
108,80.1091,25,23.14814815,108,81.91161616,37,34.25925926,1
120,77.5294,58,48.33333333,120,79.43678161,46,38.33333333,1
109,81.4377,64,58.71559633,109,82.75274484,62,56.88073394,1
67,83.5185,37,55.2238806,67,84.83333334,36,53.73134328,1
210,87.5769,143,68.0952381,210,87.54545454,140,66.66666667,1
103,78.5,16,15.53398058,103,80.11111111,17,16.50485437,1
119,80.7019,51,42.85714286,118,81.60606061,44,37.28813559,1
117,75.8672,80,68.37606838,117,77.96428571,76,64.95726496,1
148,82.6324,98,66.21621622,148,84.39490969,105,70.94594595,1
255,79.5952,73,28.62745098,252,82.5308642,41,16.26984127,1
75,81.0847,20,26.66666667,75,83.61965812,19,25.33333333,1
33,80.5676,8,24.24242424,33,81.43333333,3,9.090909091,1
176,91.5833,10,5.681818182,22,91.97777778,5,22.72727273,1
160,84.1034,93,58.125,160,89.11111111,74,46.25,0
106,77.0192,73,68.86792453,106,77.66666667,62,58.49056604,0
102,83.537,10,9.803921569,102,84.94444444,5,4.901960784,0
205,79.9808,113,55.12195122,204,81.93939394,91,44.60784314,1
121,75.7692,47,38.84297521,121,79.13636363,43,35.53719008,1
117,81.5614,54,46.15384615,117,83.33760684,59,50.42735043,1
70,82.5,4,5.714285714,70,84.55555556,6,8.571428571,1
141,77.625,90,63.82978723,141,77.93939394,110,78.0141844,1
200,80.963,122,61,199,82.88888889,94,47.2361809,1
86,86.4544,7,8.139534884,83,86.03174603,15,18.07228916,1
76,89.8649,11,14.47368421,76,91.04166667,31,40.78947368,1
85,80.3134,16,18.82352941,85,78.9620202,22,25.88235294,0
149,82.2909,88,59.06040268,149,84,79,53.02013423,0
102,80.9259,57,55.88235294,102,82.16666666,42,41.17647059,1
198,83.5769,99,50,178,87.09090909,68,38.20224719,1
55,83.2143,5,9.090909091,55,83.44444445,4,7.272727273,1
226,85.1111,123,54.42477876,226,86.66666667,54,23.89380531,1
58,85.4759,24,41.37931034,58,85.62916667,21,36.20689655,1
269,84.8173,49,18.21561338,268,86.87878788,68,25.37313433,1
31,78.2432,10,32.25806452,31,79.175,9,29.03225806,1
31,77.3243,18,58.06451613,31,78.25833333,15,48.38709677,1
201,83.969,18,8.955223881,199,85.08045977,39,19.59798995,1
211,81.2981,99,46.91943128,211,82.27272727,114,54.02843602,1
171,84.4667,61,35.67251462,171,86.22222222,44,25.73099415,1
93,79.1964,29,31.1827957,93,80.7991453,28,30.10752688,1
59,76.6757,42,71.18644068,59,77.825,37,62.71186441,1
156,86.9538,49,31.41025641,156,89.02564103,40,25.64102564,1
47,79.027,6,12.76595745,47,78.30833333,10,21.27659574,1
36,78.4595,28,77.77777778,36,76.25,17,47.22222222,0
160,87.1207,45,28.125,160,91.05555555,58,36.25,1
256,83.3846,150,58.59375,256,84.93939394,158,61.71875,0
102,81.0741,51,50,102,82.72222222,24,23.52941176,1
42,85.4741,26,61.9047619,42,82.28121212,16,38.0952381,1
156,85.2923,119,76.28205128,156,87.41025641,101,64.74358974,1
172,79.9808,111,64.53488372,172,81.78787879,90,52.3255814,1
86,77.496,44,51.1627907,86,75.53909091,53,61.62790698,1
38,79.0164,20,52.63157895,38,80.26068376,14,36.84210526,1
119,79.9765,78,65.54621849,129,79.62360447,79,61.24031008,1
153,82.2404,17,11.11111111,153,83.60606061,13,8.496732026,0
33,80.5135,9,27.27272727,33,81.33333333,11,33.33333333,0
108,81.3077,46,42.59259259,108,82.78787879,46,42.59259259,0
17,89.4432,1,5.882352941,17,89.33333333,1,5.882352941,0
230,83.4654,30,13.04347826,228,83.7808642,50,21.92982456,1
33,80.6216,6,18.18181818,33,81.675,14,42.42424242,1
222,84.5312,104,46.84684685,221,86.54545455,77,34.84162896,1
212,77.7833,134,63.20754717,212,78.55603039,149,70.28301887,1
100,80.8421,24,24,100,80.77777778,29,29,1
255,82.6508,17,6.666666667,252,84.41975308,17,6.746031746,1
119,80.1818,68,57.14285714,203,81.12121212,113,55.66502463,1
299,80.7664,228,76.2541806,299,81.54545455,223,74.5819398,1
171,83.3519,15,8.771929825,171,84.61111111,14,8.187134503,1
70,80.037,25,35.71428571,70,82.38888889,19,27.14285714,1
167,82.9038,105,62.8742515,167,84.33333333,106,63.47305389,1
55,81.0119,21,38.18181818,55,81.16666666,18,32.72727273,1
58,86.5138,12,20.68965517,58,86.46,9,15.51724138,1
200,80.9259,130,65,199,81.94444444,97,48.74371859,1
116,79.9107,59,50.86206897,116,82.44444444,53,45.68965517,1
194,83.2885,132,68.04123711,194,85.42424242,125,64.43298969,1
138,83.5625,45,32.60869565,137,84.86904762,28,20.4379562,1
153,79.5431,92,60.13071895,150,81.80769231,93,62,1
141,77.8365,81,57.44680851,141,78.51515152,75,53.19148936,1
87,79.1852,49,56.32183908,87,81.33333334,34,39.08045977,0
93,79.6429,20,21.50537634,93,81.03846154,34,36.55913978,1
58,79.8148,14,24.13793103,58,81.05555555,13,22.4137931,0
98,84.1442,43,43.87755102,97,86.45454545,30,30.92783505,1
107,83.7963,18,16.82242991,107,83.44444444,26,24.29906542,1
17,85.2788,8,47.05882353,17,86.45454546,7,41.17647059,1
194,80.3853,79,40.72164948,194,81.01606061,49,25.25773196,1
59,77.2973,27,45.76271186,59,78.03333333,29,49.15254237,1
112,82.1125,42,37.5,112,82.83333333,55,49.10714286,0
148,85.0809,45,30.40540541,148,85.98850575,54,36.48648649,1
117,85.193,12,10.25641026,117,87.97435897,13,11.11111111,1
117,82.2281,47,40.17094017,117,84.71794872,40,34.18803419,1
106,88.8519,7,6.603773585,106,92.61111111,3,2.830188679,1
26,85.958,1,3.846153846,26,84.88888889,2,7.692307692,1
211,79.5673,169,80.09478673,211,81.39393939,142,67.2985782,0
174,84.4087,107,61.49425287,174,86.09848485,60,34.48275862,1
74,81.1291,56,75.67567568,74,82.06062222,52,70.27027027,1
174,88.0577,103,59.1954023,174,92.27272727,58,33.33333333,1
96,88.2423,8,8.333333333,96,89.53333333,10,10.41666667,1
140,79.5288,54,38.57142857,140,80.15151515,100,71.42857143,1
171,82.7,104,60.81871345,171,82.83333333,135,78.94736842,0
106,82.5962,29,27.35849057,104,82.54545454,39,37.5,1
20,90.0667,3,15,20,91.38888889,3,15,1
26,85.3784,1,3.846153846,26,85.79166667,1,3.846153846,1
31,83.7568,3,9.677419355,31,82.56666667,8,25.80645161,1
80,80.4074,18,22.5,80,80.16666667,44,55,1
222,85.4038,83,37.38738739,221,86.33333333,92,41.62895928,1
143,79.9038,51,35.66433566,143,80.09090909,50,34.96503497,1
171,83.4667,75,43.85964912,171,83.27777778,117,68.42105263,1
187,79.9318,154,82.35294118,167,80.57575757,107,64.07185629,1
129,82.963,26,20.15503876,129,83,47,36.43410853,1
52,77.6667,33,63.46153846,49,78.66666667,31,63.26530612,1
102,87.7963,5,4.901960784,102,89,5,4.901960784,1
102,87.2593,9,8.823529412,102,88.27777778,10,9.803921569,1
102,87.6481,7,6.862745098,102,89.83333333,3,2.941176471,1
102,81.3519,34,33.33333333,102,82.5,38,37.25490196,1
58,85.5072,3,5.172413793,58,87.66666667,7,12.06896552,1
120,77.3193,64,53.33333333,120,79.28927203,60,50,1
190,80.8889,61,32.10526316,187,82.27777778,56,29.94652406,1
89,83.8333,7,7.865168539,89,86.44444445,15,16.85393258,1
89,84.6296,5,5.617977528,89,87.16666667,8,8.988764045,1
13,84.7067,5,38.46153846,13,85.92424242,7,53.84615385,1
93,80.8077,33,35.48387097,93,85.36363636,30,32.25806452,1
125,79.041,48,38.4,125,80.78774929,33,26.4,1
256,85.4231,59,23.046875,256,86.18181818,77,30.078125,1
156,85.2,123,78.84615385,156,87.2051282,95,60.8974359,1
153,80.9828,48,31.37254902,150,83.1025641,47,31.33333333,1
107,91.5946,5,4.672897196,107,91.08333333,31,28.97196262,1
75,81.7593,18,24,75,83.27777778,14,18.66666667,1
75,81.7778,17,22.66666667,75,82.77777778,27,36,1
75,81.0926,32,42.66666667,75,82.33333334,42,56,1
222,83.7212,117,52.7027027,221,85.03030303,116,52.48868778,0
75,83.1667,3,4,75,84.83333333,5,6.666666667,1
142,76.7545,88,61.97183099,142,76.22222222,72,50.70422535,1
153,80.1827,31,20.26143791,153,82.48484849,23,15.03267974,1
173,88.1538,29,16.76300578,172,88.68898385,27,15.69767442,1
60,71.7642,37,61.66666667,60,71.15555556,33,55,0
277,83.9808,251,90.61371841,277,86.6969697,203,73.28519856,1
54,80.1697,4,7.407407407,40,81.04571429,7,17.5,1
64,78.4054,36,56.25,64,78,35,54.6875,0
42,79.5378,10,23.80952381,42,81.98236332,10,23.80952381,1
34,84.849,12,35.29411765,34,83.57533333,13,38.23529412,1
39,89.1892,1,2.564102564,39,88.58333333,2,5.128205128,0
64,82.3513,1,1.5625,64,81.88333333,2,3.125,1
64,79.1081,22,34.375,64,78.84166667,27,42.1875,1
154,83.3365,116,75.32467532,152,84.96969697,119,78.28947368,1
89,81.5556,39,43.82022472,89,83.55555556,45,50.56179775,1
97,82.963,22,22.68041237,97,81.77777778,39,40.20618557,1
62,79.2,28,45.16129032,62,82.33333333,24,38.70967742,1
62,81.03,19,30.64516129,62,83.89,15,24.19354839,1
175,79.10576923,39,22.28571429,175,79.17,43,24.57142857,1
304,81.03738318,150,49.34210526,302,82.63666667,150,49.66887417,0
156,84.8,35,22.43589744,156,86.87666667,26,16.66666667,1
166,83.84615385,74,44.57831325,166,86.94,67,40.36144578,1
166,86.24038462,23,13.85542169,165,82.06,24,14.54545455,1
166,88.77884615,6,3.614457831,166,88.21666667,6,3.614457831,1
127,83.14876033,7,5.511811024,133,80.96,13,9.77443609,1
30,85.72033898,1,3.333333333,38,86.06666667,1,2.631578947,1
154,79.88413462,63,40.90909091,154,80.89666667,80,51.94805195,1
106,88.28846154,6,5.660377358,106,89.81666667,6,5.660377358,1
154,79.86259615,64,41.55844156,153,79.87,78,50.98039216,1
222,87.01652893,1,0.45045045,311,84.37666667,7,2.250803859,1
174,84.34,4,2.298850575,173,85.37,4,2.312138728,1
102,80.97619048,28,27.45098039,102,83.05,23,22.54901961,1
222,84.24,10,4.504504505,222,85.81333333,12,5.405405405,1
156,83.46153846,18,11.53846154,156,85.42333333,16,10.25641026,0
93,86.07377049,1,1.075268817,111,87.21666667,4,3.603603604,1
137,82.84126984,7,5.109489051,170,84.11,9,5.294117647,1
93,85.49,7,7.52688172,93,86.84666667,17,18.27956989,1
137,81.33,39,28.46715328,138,82.16666667,97,70.28985507,1
137,81.97619048,23,16.78832117,202,81.44,39,19.30693069,1
142,82.13,58,40.84507042,142,85.33333333,40,28.16901408,0
142,84.80357143,12,8.450704225,205,83.23333333,63,30.73170732,1
142,81.90178571,67,47.18309859,268,78.64,188,70.14925373,1
142,82.83035714,37,26.05633803,268,81.24,131,48.88059701,1
142,86.11,5,3.521126761,142,88.83333333,5,3.521126761,1
222,89.37234043,31,13.96396396,220,89.79666667,28,12.72727273,1
142,83,33,23.23943662,205,83.41666667,81,39.51219512,1
93,84.57,30,32.25806452,93,85.96,39,41.93548387,1
142,82.24107143,55,38.73239437,205,82.52333333,121,59.02439024,0
255,91.30708661,17,6.666666667,296,91.09,27,9.121621622,1
107,82.30769231,7,6.542056075,107,83.41666667,6,5.607476636,1
180,83.25757576,32,17.77777778,218,83.97,50,22.93577982,1
233,79.09615385,105,45.06437768,233,79.23666667,119,51.07296137,1
93,84.68,24,25.80645161,93,87.31333333,13,13.97849462,1
165,85.45432692,12,7.272727273,165,86.07,21,12.72727273,0
232,84.46,64,27.5862069,231,83.45666667,135,58.44155844,1
115,83.72727273,24,20.86956522,172,81.33333333,18,10.46511628,1
152,90.01923077,20,13.15789474,152,90.72666667,19,12.5,1
84,84.88,1,1.19047619,84,86.18333333,2,2.380952381,0
32,88.04761905,1,3.125,43,86.44333333,3,6.976744186,1
106,87.23076923,13,12.26415094,106,87.05,14,13.20754717,1
216,83.88461538,23,10.64814815,216,84.5,28,12.96296296,1
102,82.01587302,14,13.7254902,161,80.97666667,23,14.28571429,1
59,86.43478261,4,6.779661017,59,87.98,4,6.779661017,1
46,87.88888889,4,8.695652174,94,84.05666667,12,12.76595745,1
170,91,12,7.058823529,170,89.77333333,12,7.058823529,1
170,89.28846154,53,31.17647059,170,89.86666667,53,31.17647059,1
170,89.5,43,25.29411765,170,89.34666667,53,31.17647059,1
54,79.4,13,24.07407407,54,80.30666667,12,22.22222222,0
170,88.93269231,68,40,170,90.58333333,62,36.47058824,1
81,82.08653846,2,2.469135802,81,83.03666667,6,7.407407407,1
170,89.89423077,35,20.58823529,170,89.8,34,20,1
223,81.82,64,28.69955157,223,83.43,69,30.94170404,0
233,80.07692308,77,33.0472103,233,78.91,70,30.04291845,1
105,80.69230769,43,40.95238095,105,80.59333333,53,50.47619048,0
137,82.03174603,20,14.59854015,202,79.53666667,58,28.71287129,1
160,81.4453125,23,14.375,230,80.15333333,68,29.56521739,1
62,79.8907563,24,38.70967742,62,78.94666667,33,53.22580645,1
255,88.91338583,58,22.74509804,296,89.21333333,71,23.98648649,1
220,80.81,54,24.54545455,220,81.65666667,104,47.27272727,1
108,82.4057971,12,11.11111111,107,83.82333333,15,14.01869159,1
126,87,30,23.80952381,125,86.87333333,33,26.4,1
137,86.33653846,28,20.4379562,122,85.31,31,25.40983607,1
154,82.33730769,24,15.58441558,153,81.89666667,32,20.91503268,1
108,82.37681159,14,12.96296296,160,81.94666667,56,35,1
15,86.90086207,3,20,16,86.34333333,3,18.75,0
172,83.75,20,11.62790698,172,84.88,27,15.69767442,1
179,85.37,75,41.89944134,178,86.23666667,79,44.38202247,1
195,82.33333333,69,35.38461538,195,81.51333333,77,39.48717949,1
166,84.85576923,45,27.10843373,166,87.33333333,48,28.91566265,1
199,85.11,94,47.2361809,199,85.73666667,103,51.75879397,1
195,81.33333333,87,44.61538462,195,80.20333333,96,49.23076923,1
160,81.2109375,29,18.125,194,81.43666667,38,19.58762887,1
132,84.82692308,36,27.27272727,131,83.65,41,31.29770992,1
172,82.78846154,32,18.60465116,172,82.59333333,34,19.76744186,1
102,82.62698413,9,8.823529412,132,82.31,12,9.090909091,1
60,81.17715517,2,3.333333333,60,81.03,2,3.333333333,1
105,81.43,33,31.42857143,105,83.24333333,22,20.95238095,1
105,80.2,50,47.61904762,105,80.66666667,51,48.57142857,1
108,82.13768116,21,19.44444444,160,82.08666667,40,25,1
235,81.61157025,28,11.91489362,284,81.08333333,32,11.26760563,1
247,84.73728814,68,27.53036437,246,84.63,99,40.24390244,1
74,92.15307018,7,9.459459459,74,92.49,7,9.459459459,1
137,82.66666667,11,8.02919708,202,80.32666667,31,15.34653465,1
263,84.51923077,50,19.01140684,263,83.99666667,61,23.19391635,1
137,85.02380952,1,0.729927007,170,84.89333333,11,6.470588235,1
175,82.64423077,3,1.714285714,174,82.16666667,1,0.574712644,1
100,83.59259259,43,43,192,83.46,87,45.3125,1
74,84.83898305,26,35.13513514,103,84.01,43,41.74757282,1
216,82.61538462,33,15.27777778,215,84.12,35,16.27906977,1
156,83.11,27,17.30769231,156,83.85,33,21.15384615,1
235,80.97,41,17.44680851,235,81.82333333,39,16.59574468,1
97,89.15903509,6,6.18556701,97,89.50666667,5,5.154639175,1
215,83.56,87,40.46511628,214,84.69666667,92,42.99065421,1
216,84.224,22,10.18518519,228,83.91666667,28,12.28070175,1
142,81.91,66,46.47887324,142,84.94333333,53,37.32394366,1
172,84.80769231,8,4.651162791,172,85.37,9,5.23255814,1
23,86.56410256,1,4.347826087,23,86.59,1,4.347826087,1
144,85.16346154,68,47.22222222,144,86.28666667,61,42.36111111,1
223,82.2,54,24.21524664,223,84.38,57,25.56053812,1
144,86.48076923,45,31.25,144,85.92333333,46,31.94444444,1
50,81.51612903,10,20,53,79.62666667,11,20.75471698,1
219,85,68,31.05022831,219,86.69,69,31.50684932,1
219,86.21008403,32,14.61187215,211,83.56,32,15.16587678,0
219,84.44,95,43.37899543,219,86.27333333,86,39.26940639,1
219,84.78,77,35.15981735,219,88.2,58,26.48401826,0
166,86.48076923,17,10.24096386,165,82.21666667,21,12.72727273,1
219,85.12605042,63,28.76712329,219,85.30333333,74,33.78995434,1
219,86.73,25,11.41552511,219,88.63,28,12.78538813,1
219,85.03,67,30.59360731,219,86.61666667,74,33.78995434,1
219,85.09243697,65,29.6803653,219,86.48333333,79,36.07305936,1
98,82.49137931,10,10.20408163,125,80.17666667,52,41.6,1
121,81.89423077,8,6.611570248,121,81.34,5,4.132231405,1
165,85.88221154,4,2.424242424,165,83.89333333,28,16.96969697,1
46,87.74074074,5,10.86956522,46,89.83666667,12,26.08695652,1
166,83.96153846,68,40.96385542,166,86.32,67,40.36144578,1
172,85.63461538,3,1.744186047,172,86.32666667,3,1.744186047,1
172,84.4,12,6.976744186,172,86.63333333,9,5.23255814,1
148,79.15384615,63,42.56756757,147,79.93666667,69,46.93877551,1
163,83.38888889,17,10.42944785,280,81,65,23.21428571,1
163,83.68518519,12,7.36196319,220,83.18666667,54,24.54545455,1
99,83.23,33,33.33333333,99,83.94,42,42.42424242,1
113,86.96850394,8,7.079646018,113,87.55333333,11,9.734513274,1
160,82.28125,11,6.875,194,83.19,12,6.18556701,1
222,85.97340426,97,43.69369369,222,85.29333333,134,60.36036036,1
161,82.0411215,28,17.39130435,159,80.10333333,32,20.12578616,1
235,79.89256198,87,37.0212766,235,80.64333333,80,34.04255319,1
255,89.21259843,52,20.39215686,336,88.21666667,45,13.39285714,1
233,79.96153846,81,34.7639485,233,79.74333333,112,48.06866953,1
187,85.59677419,21,11.22994652,237,84.14,29,12.23628692,1
220,84.36057692,22,10,220,83.06333333,24,10.90909091,1
233,87.98,15,6.43776824,233,88.28666667,14,6.008583691,1
142,84.1,16,11.26760563,142,86.66333333,15,10.56338028,1
117,84.42592593,5,4.273504274,158,84.61333333,13,8.227848101,1
115,83.34848485,27,23.47826087,172,80.24333333,31,18.02325581,0
137,82.29365079,14,10.2189781,170,81.71666667,25,14.70588235,0
251,89.19,24,9.561752988,251,90.87333333,27,10.75697211,1
91,80.76724138,6,6.593406593,91,81.86333333,5,5.494505495,1
166,86.04807692,27,16.26506024,166,86.07,27,16.26506024,1
157,82.975,14,8.917197452,202,84.24333333,13,6.435643564,1
223,82.17,55,24.66367713,223,83.94,64,28.69955157,1
219,85.70588235,44,20.0913242,211,84.07333333,75,35.5450237,1
219,85.6302521,47,21.46118721,212,83.82,42,19.81132075,1
219,84.60504202,83,37.89954338,219,86.34333333,84,38.35616438,1
157,84.71666667,2,1.27388535,202,84.34666667,3,1.485148515,0
160,83.375,3,1.875,230,81.43666667,14,6.086956522,1
219,86.1092437,36,16.43835616,211,84.91666667,49,23.22274882,1
121,79.52884615,22,18.18181818,121,81.33666667,19,15.70247934,1
166,84.21153846,62,37.34939759,166,83.58,59,35.54216867,0
108,81.69565217,33,30.55555556,162,81.91333333,65,40.12345679,1
97,84.9222807,32,32.98969072,97,86.67,28,28.86597938,1
82,84.2972973,6,7.317073171,80,86.22333333,6,7.5,1
219,85.45,52,23.74429224,219,86.61666667,74,33.78995434,0
239,84.89,32,13.38912134,239,87.51666667,21,8.786610879,0
108,82.53623188,10,9.259259259,160,82.01333333,40,25,1
220,87.08653846,46,20.90909091,220,86.71,51,23.18181818,1
166,87.63461538,10,6.024096386,166,85.78666667,15,9.036144578,1
179,87.02,53,29.60893855,178,88.02,53,29.7752809,1
220,83.30769231,24,10.90909091,220,78.85,49,22.27272727,1
166,84.91346154,42,25.30120482,166,84.24,49,29.51807229,1
144,88,20,13.88888889,144,90.33,9,6.25,1
108,82.03623188,26,24.07407407,107,83.21333333,24,22.42990654,1
102,82.24603175,12,11.76470588,132,81.9,16,12.12121212,1
214,83.61538462,22,10.28037383,214,85.14333333,18,8.411214953,1
60,77.76456897,13,21.66666667,60,75.97333333,18,30,1
187,85.82,15,8.021390374,186,89.03666667,18,9.677419355,1
179,88.62,23,12.84916201,178,89.9,22,12.35955056,0
148,82.72115385,27,18.24324324,147,83.26,25,17.00680272,1
214,82.92307692,50,23.36448598,214,84.02333333,56,26.1682243,1
220,86.48076923,69,31.36363636,220,86.52666667,55,25,1
137,82.01587302,21,15.32846715,202,79.79666667,58,28.71287129,1
62,81.88425926,2,3.225806452,90,83.10333333,2,2.222222222,1
187,87.60483871,2,1.069518717,237,88.11333333,3,1.265822785,0
233,78.69230769,117,50.21459227,233,77.46,107,45.92274678,1
220,86.76923077,58,26.36363636,220,86.69333333,72,32.72727273,1
222,88.04255319,56,25.22522523,221,88.57666667,68,30.76923077,0
255,88.33858268,73,28.62745098,296,89.76333333,72,24.32432432,1
126,79.18,24,19.04761905,126,79.07,46,36.50793651,1
126,79.52,17,13.49206349,126,79.37333333,41,32.53968254,0
187,84.37096774,44,23.52941176,237,84.61666667,59,24.89451477,1
137,85.93269231,33,24.08759124,120,84.41,25,20.83333333,1
214,83.33653846,35,16.35514019,214,83.85666667,46,21.4953271,1
97,82.92403509,48,49.48453608,97,82.40666667,46,47.42268041,1
242,79.33,114,47.10743802,242,80.60666667,126,52.0661157,1
263,88.5,21,7.984790875,263,88.71333333,23,8.745247148,1
177,84.04477612,14,7.90960452,172,86.77666667,7,4.069767442,1
160,82.484375,8,5,160,83.84666667,11,6.875,1
233,88.17821782,11,4.721030043,233,88.17333333,12,5.150214592,1
79,82.75862069,5,6.329113924,79,81.19666667,12,15.18987342,1
143,82.90990991,71,49.65034965,242,81.57333333,58,23.96694215,1
255,88.77952756,63,24.70588235,296,88.08333333,89,30.06756757,1
137,83.04411765,4,2.919708029,137,84.02666667,3,2.189781022,1
175,78.69230769,57,32.57142857,175,78.92333333,69,39.42857143,1
208,87,56,26.92307692,206,88.27333333,50,24.27184466,0
108,85.89,49,45.37037037,108,87.42333333,42,38.88888889,1
31,81.50202429,2,6.451612903,31,80.74666667,3,9.677419355,0
192,87.16923077,42,21.875,259,85.69333333,67,25.86872587,1
157,84.35,6,3.821656051,248,83.28333333,6,2.419354839,0
255,90.39370079,33,12.94117647,296,90.39333333,40,13.51351351,1
42,92.39423077,1,2.380952381,42,92.12,1,2.380952381,1
255,91.76377953,14,5.490196078,296,91.96,32,10.81081081,0
251,88.09302326,43,17.1314741,251,90.18333333,38,15.13944223,1
148,83.38461538,16,10.81081081,146,82.64,19,13.01369863,1
255,90.8976378,25,9.803921569,336,89.55333333,26,7.738095238,1
121,80.70192308,15,12.39669421,121,81.55,15,12.39669421,1
121,80.39423077,17,14.04958678,121,78.89333333,19,15.70247934,0
82,83.93711712,9,10.97560976,79,83.6,11,13.92405063,1
97,83.57798246,43,44.32989691,97,83.93,46,47.42268041,1
197,83.7,22,11.16751269,248,82.45666667,33,13.30645161,1
156,83.13559322,26,16.66666667,224,81.92666667,61,27.23214286,1
174,77.3125,61,35.05747126,263,77.64333333,100,38.02281369,1
115,87.03787879,1,0.869565217,115,89.2,3,2.608695652,1
162,92.609375,3,1.851851852,232,89.84666667,6,2.586206897,1
126,86.4,44,34.92063492,167,86.61333333,50,29.94011976,1
158,78.61538462,17,10.75949367,158,77.99666667,19,12.02531646,1
187,85.06451613,34,18.18181818,230,85.98,62,26.95652174,1
137,85.58653846,49,35.76642336,122,84.64333333,40,32.78688525,1
137,85.07692308,59,43.06569343,124,85.75,50,40.32258065,1
137,86.77884615,22,16.05839416,124,87.43666667,28,22.58064516,1
158,79.41346154,13,8.227848101,158,82.66666667,12,7.594936709,1
108,82.47826087,11,10.18518519,107,83.35666667,20,18.69158879,1
158,80.22115385,9,5.696202532,158,79.87333333,11,6.962025316,1
107,80.48076923,34,31.77570093,107,80.45666667,33,30.8411215,1
97,85.33982456,28,28.86597938,97,85.32,32,32.98969072,1
97,84.64859649,36,37.11340206,97,84.83333333,40,41.2371134,1
137,85.68269231,45,32.84671533,134,88.30333333,51,38.05970149,0
137,82.88445378,6,4.379562044,137,83.87333333,7,5.109489051,1
137,85.36538462,53,38.68613139,134,86.97,69,51.49253731,1
137,85.64423077,46,33.57664234,131,86.93333333,50,38.16793893,1
137,84.64423077,69,50.3649635,131,85.43,61,46.5648855,1
137,84.51680672,1,0.729927007,137,84.53333333,1,0.729927007,1
137,82.20634921,16,11.67883212,202,81.30333333,47,23.26732673,1
137,81.01680672,13,9.489051095,137,81.21333333,18,13.13868613,1
160,80.65625,41,25.625,196,80.17333333,48,24.48979592,1
137,84.46153846,72,52.55474453,120,82.16666667,68,56.66666667,1
187,85.2983871,29,15.50802139,230,85.24666667,24,10.43478261,0
162,89.1796875,48,29.62962963,197,88.26,93,47.20812183,1
233,84.40384615,26,11.15879828,233,84.33,35,15.02145923,1
233,80.11538462,75,32.1888412,233,79.93,58,24.89270386,1
187,84.70967742,37,19.78609626,237,85.23,34,14.34599156,1
187,87.22580645,3,1.604278075,230,88.20333333,4,1.739130435,1
187,86.99193548,4,2.139037433,230,87.66666667,8,3.47826087,1
233,80.25,73,31.3304721,233,79.41333333,71,30.472103,1
157,83.28333333,11,7.006369427,247,80.79333333,15,6.072874494,1
148,84.71153846,6,4.054054054,148,86.54666667,7,4.72972973,1
255,89.23622047,51,20,296,89.50333333,58,19.59459459,0
104,78.78,6,5.769230769,103,79.38666667,7,6.796116505,1
179,87.85,35,19.55307263,178,88.77333333,37,20.78651685,1
160,81.765625,15,9.375,196,81.17666667,28,14.28571429,1
50,85.55555556,6,12,50,84.96666667,7,14,1
160,80.6953125,40,25,196,80.07333333,49,25,1
50,82.59677419,8,16,52,82,8,15.38461538,1
187,83.24193548,69,36.89839572,186,85.92,75,40.32258065,1
157,82.09,24,15.2866242,156,84.28333333,17,10.8974359,1
168,78.16346154,76,45.23809524,164,78.19,79,48.17073171,1
97,83.96153846,12,12.37113402,97,82.49666667,18,18.55670103,1
255,90.81102362,29,11.37254902,296,90.59666667,49,16.55405405,0
214,83.97115385,13,6.074766355,214,86.76,14,6.542056075,1
304,82.63461538,89,29.27631579,302,84.66666667,84,27.81456954,1
212,82.46153846,73,34.43396226,212,82.05333333,84,39.62264151,1
148,83.97115385,10,6.756756757,147,84.18,12,8.163265306,0
141,82.4,29,20.56737589,140,82.96666667,26,18.57142857,1
174,77.1875,66,37.93103448,218,76.61,97,44.49541284,0
160,81.3046875,26,16.25,230,80.08,31,13.47826087,1
160,81.5078125,22,13.75,194,82.23666667,30,15.46391753,1
139,81.34,66,47.48201439,139,80.57333333,87,62.58992806,1
197,83.25,96,48.73096447,196,82.17,86,43.87755102,1
214,82.54807692,60,28.03738318,214,82.56333333,66,30.8411215,1
156,83.83898305,16,10.25641026,191,83.70333333,24,12.56544503,1
160,81.671875,18,11.25,196,80.50333333,37,18.87755102,1
160,82.4609375,9,5.625,194,83.19,12,6.18556701,1
65,87.47619048,10,15.38461538,111,88.92,11,9.90990991,1
65,87.34126984,13,20,156,84.80333333,21,13.46153846,1
233,79.59615385,88,37.76824034,233,81.54333333,84,36.05150215,1
255,87.38582677,95,37.25490196,255,88.39333333,109,42.74509804,1
160,81.4296875,25,15.625,194,81.54333333,38,19.58762887,1
214,82.20192308,74,34.57943925,214,80.67333333,95,44.39252336,1
115,86.61363636,2,1.739130435,143,86.23666667,3,2.097902098,1
197,84.07,67,34.01015228,197,85.94,69,35.02538071,0
160,82.3828125,10,6.25,230,80.29666667,15,6.52173913,1
220,86.30769231,76,34.54545455,220,84.84,84,38.18181818,1
73,86.95762712,2,2.739726027,108,87.71,2,1.851851852,1
126,80.98,39,30.95238095,125,81.65333333,43,34.4,1
219,86.3697479,29,13.24200913,212,85.36666667,28,13.20754717,1
97,83.20859649,46,47.42268041,97,83.37,47,48.45360825,1
154,80.95076923,42,27.27272727,153,79.90666667,52,33.9869281,1
220,86.38461538,72,32.72727273,220,85.28666667,85,38.63636364,0
148,79.29807692,61,41.21621622,148,81.15333333,65,43.91891892,1
220,87.44230769,39,17.72727273,220,87.16666667,44,20,1
168,79.45192308,38,22.61904762,161,79.01,36,22.36024845,1
187,86.33870968,7,3.743315508,281,84.04333333,30,10.67615658,1
187,84.9516129,36,19.2513369,280,80.87666667,87,31.07142857,1
138,81.56097561,16,11.5942029,178,81.51333333,16,8.988764045,0
187,85.12096774,32,17.11229947,280,79.97666667,53,18.92857143,1
179,85.28,79,44.13407821,178,86.02,84,47.19101124,1
144,86.08653846,52,36.11111111,144,85.32666667,50,34.72222222,1
73,85.83050847,5,6.849315068,108,87.10333333,5,4.62962963,1
91,78.95689655,16,17.58241758,91,79.83,19,20.87912088,1
50,82.25641026,16,32,50,82.41666667,17,34,1
211,83.33,59,27.96208531,211,84.79,48,22.74881517,1
174,82.8,30,17.24137931,174,84.50333333,28,16.09195402,1
187,85.33064516,28,14.97326203,281,83.30333333,48,17.08185053,1
220,86.82692308,52,23.63636364,220,85.82333333,77,35,1
115,84.77272727,17,14.7826087,143,82.36,35,24.47552448,1
168,78.32692308,71,42.26190476,164,77.96,69,42.07317073,1
158,82.70192308,4,2.53164557,158,85.36333333,5,3.164556962,1
138,84.36538462,1,0.724637681,138,82.46333333,1,0.724637681,1
165,85.37980769,15,9.090909091,165,84.88666667,13,7.878787879,1
249,83.76086957,90,36.14457831,231,82.54333333,86,37.22943723,1
93,81.27433628,13,13.97849462,152,79.09,14,9.210526316,1
187,86.13709677,10,5.347593583,280,80.75333333,39,13.92857143,1
175,78.35185185,26,14.85714286,318,75.66666667,38,11.94968553,1
177,83.91044776,16,9.039548023,170,85.33333333,14,8.235294118,1
247,86.21186441,33,13.36032389,245,84.2,25,10.20408163,0
138,76.53846154,50,36.23188406,138,76.00333333,57,41.30434783,1
187,83.7983871,51,27.27272727,280,79.01666667,87,31.07142857,1
263,83.25,78,29.65779468,263,83.84333333,74,28.13688213,0
177,81.91044776,40,22.59887006,172,84.27666667,31,18.02325581,1
156,82.87288136,30,19.23076923,190,82.98666667,72,37.89473684,1
80,85.02459016,21,26.25,79,82.2,35,44.30379747,1
175,79.20192308,38,21.71428571,175,79.66666667,55,31.42857143,1
187,84.31451613,45,24.06417112,237,82.93,62,26.16033755,1
156,83.8220339,17,10.8974359,156,84.81,21,13.46153846,1
174,78.75,32,18.3908046,173,76.91333333,83,47.97687861,1
214,82.125,79,36.91588785,214,84.82,78,36.44859813,1
220,87.875,32,14.54545455,220,88.31333333,33,15,1
155,80.07272727,69,44.51612903,222,79.48666667,90,40.54054054,1
214,83.78846154,17,7.943925234,214,82.31,26,12.14953271,1
79,84.61,1,1.265822785,79,85.89666667,1,1.265822785,1
143,83.53153153,59,41.25874126,143,84.69333333,65,45.45454545,1
177,81.04477612,66,37.28813559,167,82,47,28.14371257,1
263,90.53846154,6,2.281368821,263,90.14666667,7,2.661596958,1
72,81.02,26,36.11111111,72,80.36333333,38,52.77777778,1
180,85.82575758,7,3.888888889,255,82.85333333,17,6.666666667,0
156,83.68269231,14,8.974358974,156,83.33333333,17,10.8974359,1
156,83.10169492,28,17.94871795,190,82.78666667,71,37.36842105,0
175,80.61111111,4,2.285714286,175,82.77666667,12,6.857142857,1
168,79.83653846,27,16.07142857,162,79.59666667,50,30.86419753,1
187,83.18,70,37.43315508,186,86.22666667,72,38.70967742,1
160,81.2890625,27,16.875,160,82.70333333,27,16.875,1
115,84.88636364,14,12.17391304,115,87.06666667,19,16.52173913,1
233,88.25,10,4.291845494,233,88.37666667,13,5.579399142,1
144,81.37,71,49.30555556,144,81.22333333,79,54.86111111,1
187,85.16935484,31,16.57754011,237,83.91333333,38,16.03375527,1
174,82.91,26,14.94252874,174,83.96333333,46,26.43678161,1
65,83.81779449,5,7.692307692,65,83.69,8,12.30769231,1
214,83.75,18,8.411214953,214,82.78666667,35,16.35514019,1
220,86.51923077,68,30.90909091,220,86.54333333,67,30.45454545,1
137,84.19047619,2,1.459854015,202,82.83,11,5.445544554,0
123,83.98076923,38,30.89430894,122,85.12,42,34.42622951,1
187,83.44,62,33.15508021,187,88.54,125,66.84491979,1
373,82.54,163,43.6997319,372,84.36333333,94,25.2688172,1
143,84.26126126,47,32.86713287,143,86.6,38,26.57342657,1
263,82.21153846,106,40.30418251,263,83.51666667,104,39.54372624,0
137,83.16666667,3,2.189781022,170,81.89666667,18,10.58823529,1
137,86.375,27,19.7080292,124,87.29,27,21.77419355,1
143,84.79279279,37,25.87412587,242,83.01,36,14.87603306,1
58,83.19298246,6,10.34482759,58,83.88666667,5,8.620689655,1
102,81.26984127,24,23.52941176,161,78.96,42,26.08695652,1
161,82.58878505,19,11.80124224,160,82.57,16,10,0
175,79.24038462,35,20,175,80.39333333,34,19.42857143,1
187,85.40322581,25,13.36898396,281,82.61,101,35.9430605,1
106,82.86538462,27,25.47169811,106,83.29666667,25,23.58490566,1
263,89.09615385,15,5.703422053,263,88.08666667,17,6.463878327,1
233,80.32692308,69,29.61373391,233,80.11,70,30.04291845,1
249,82.98913043,127,51.00401606,226,81.34666667,114,50.44247788,1
156,85.59322034,8,5.128205128,190,86.53,17,8.947368421,1
156,87.05932203,2,1.282051282,190,87.89333333,10,5.263157895,1
187,83.42741935,64,34.22459893,230,83.08666667,85,36.95652174,1
137,82.95378151,5,3.649635036,137,82.82333333,9,6.569343066,1
137,84.95192308,62,45.25547445,122,83.35666667,74,60.6557377,1
220,88.84615385,17,7.727272727,220,89.93333333,20,9.090909091,1
177,84.59701493,10,5.649717514,162,84.35,9,5.555555556,1
102,81.74603175,17,16.66666667,132,82.99,23,17.42424242,0
156,86.3220339,5,3.205128205,190,85.78,25,13.15789474,1
168,80,24,14.28571429,167,82.09,19,11.37724551,1
82,85.41346154,3,3.658536585,80,86.45,4,5,1
220,88.02884615,28,12.72727273,220,88.18,43,19.54545455,1
115,86.50757576,4,3.47826087,144,86.91,5,3.472222222,1
175,79.53846154,25,14.28571429,175,79.69333333,35,20,1
175,79.47115385,28,16,175,80.42666667,40,22.85714286,1
168,78.42307692,64,38.0952381,164,77.15666667,78,47.56097561,1
122,82.45967742,22,18.03278689,122,81.69,47,38.52459016,1
214,82.24038462,72,33.64485981,214,81.54666667,74,34.57943925,1
137,86.02884615,32,23.35766423,124,86.09666667,37,29.83870968,0
193,83.05,30,15.54404145,193,83.45,30,15.54404145,1
115,81.99242424,41,35.65217391,115,84.71333333,38,33.04347826,1
122,82.62903226,18,14.75409836,122,83.96333333,16,13.1147541,1
165,84.17067308,53,32.12121212,165,82.38,94,56.96969697,1
187,83.65322581,54,28.87700535,186,86.2,63,33.87096774,1
122,81.83870968,37,30.32786885,122,82.67,37,30.32786885,1
175,79.34615385,32,18.28571429,175,79.89666667,43,24.57142857,1
175,81.38888889,3,1.714285714,247,79.98,4,1.619433198,1
122,81.85483871,35,28.68852459,122,81.31333333,44,36.06557377,1
208,86.45192308,81,38.94230769,208,88.09,75,36.05769231,1
50,82.61538462,24,48,50,82.48666667,26,52,1
122,82.95967742,13,10.6557377,122,81.27,11,9.016393443,1
142,83.99,25,17.6056338,142,83.39333333,31,21.83098592,0
122,84.36885246,1,0.819672131,122,84.66666667,1,0.819672131,1
122,82.66935484,16,13.1147541,122,82.95,21,17.21311475,1
122,83.37903226,5,4.098360656,122,83.81666667,7,5.737704918,1
122,83.73387097,3,2.459016393,122,83.78333333,3,2.459016393,1
249,83.0326087,120,48.19277108,232,82.42,103,44.39655172,1
225,81.84615385,90,40,222,83.26333333,58,26.12612613,1
175,79.79807692,21,12,174,78.79666667,25,14.36781609,1
187,83.90322581,49,26.20320856,280,79.93666667,44,15.71428571,1
214,82.15384615,78,36.44859813,214,82.31,76,35.51401869,1
137,85.47115385,51,37.22627737,134,87.21666667,63,47.01492537,1
122,83.06451613,10,8.196721311,122,82.66333333,21,17.21311475,0
122,82.62096774,19,15.57377049,122,82.51666667,20,16.39344262,1
220,81.39182692,38,17.27272727,220,80.79666667,62,28.18181818,1
177,80.46268657,86,48.58757062,172,82.39,83,48.25581395,1
187,84.45967742,41,21.92513369,229,82.55333333,66,28.8209607,1
178,83.19230769,56,31.46067416,178,84.61333333,62,34.83146067,1
187,82.16129032,103,55.0802139,186,85.31,92,49.46236559,1
153,87.07692308,14,9.150326797,152,87.16666667,27,17.76315789,0
165,84.17307692,51,30.90909091,165,83.25666667,68,41.21212121,1
50,82.80645161,7,14,52,81.91333333,9,17.30769231,1
214,83.83653846,15,7.009345794,214,83.27666667,24,11.21495327,1
65,87.07142857,15,23.07692308,111,86.96333333,19,17.11711712,0
122,83.34677419,6,4.918032787,122,80.72666667,28,22.95081967,1
220,86.57692308,64,29.09090909,220,87.4,57,25.90909091,1
123,82.68518519,22,17.88617886,199,82.27666667,30,15.07537688,1
65,89.61904762,1,1.538461538,111,88.91,8,7.207207207,1
90,89.375,20,22.22222222,90,87.69666667,27,30,1
187,82.19,100,53.47593583,186,85.71333333,78,41.93548387,0
137,82.50793651,12,8.759124088,170,83.61333333,16,9.411764706,1
123,85.92592593,5,4.06504065,161,86.11,4,2.48447205,1
220,88.89423077,16,7.272727273,220,88.36333333,14,6.363636364,1
143,83.53153153,59,41.25874126,242,83.57,48,19.83471074,1
197,86.29,15,7.614213198,196,88.39333333,17,8.673469388,0
263,83.80769231,64,24.33460076,263,81.48333333,133,50.57034221,1
214,82.23076923,73,34.11214953,214,79.69666667,146,68.22429907,1
141,82.16730769,38,26.95035461,138,82.42,40,28.98550725,1
249,83.7826087,89,35.74297189,233,84.36666667,81,34.7639485,1
61,92.5530303,6,9.836065574,59,94.38666667,7,11.86440678,1
322,83.84615385,124,38.50931677,318,84.52333333,117,36.79245283,1
61,82.68625,19,31.14754098,61,83.27666667,20,32.78688525,1
92,80,28,30.43478261,164,78.59333333,72,43.90243902,1
230,81.73,89,38.69565217,230,82.24333333,102,44.34782609,1
233,86.43564356,30,12.87553648,233,86.44333333,24,10.30042918,1
137,85.28846154,55,40.1459854,120,83.23333333,48,40,1
219,86.81512605,24,10.95890411,211,83.82,26,12.32227488,0
82,86.04504505,2,2.43902439,79,83.75333333,3,3.797468354,1
156,82.51694915,35,22.43589744,156,83.52,35,22.43589744,0
156,83.31,21,13.46153846,156,83.93,33,21.15384615,0
175,80.68269231,13,7.428571429,175,80.52,16,9.142857143,1
137,80.82352941,17,12.40875912,137,79.56,14,10.2189781,1
233,79.57692308,90,38.62660944,233,79.71333333,91,39.05579399,1
156,83.27966102,24,15.38461538,190,84.43,27,14.21052632,1
72,85.432,5,6.944444444,72,86.06,9,12.5,0
84,74.15,41,48.80952381,84,76.51333333,30,35.71428571,1
102,86.64814815,11,10.78431373,131,85.92666667,13,9.923664122,1
115,84.83333333,16,13.91304348,144,85.64333333,17,11.80555556,1
148,81.14,34,22.97297297,148,81.57,53,35.81081081,1
122,82.13,8,6.557377049,122,83.97666667,9,7.37704918,1
168,79,47,27.97619048,167,80.57666667,45,26.94610778,1
168,79.32,39,23.21428571,167,80.79,36,21.55688623,1
82,83.14423077,8,9.756097561,82,83.76666667,8,9.756097561,1
93,80.69911504,19,20.43010753,152,77.96,31,20.39473684,1
187,82.89516129,78,41.71122995,281,81.27,96,34.16370107,1
175,77.96296296,30,17.14285714,247,77.20333333,90,36.43724696,1
82,83.79279279,11,13.41463415,80,82.84333333,19,23.75,1
115,83.78030303,23,20,144,85.33333333,27,18.75,1
233,81.26923077,58,24.89270386,233,82.30666667,77,33.0472103,1
65,88.54761905,5,7.692307692,111,89.59666667,5,4.504504505,1
168,78.91346154,53,31.54761905,164,79.60666667,38,23.17073171,1
175,80.75961538,11,6.285714286,174,80.47666667,7,4.022988506,1
175,78.07692308,88,50.28571429,174,77.40666667,96,55.17241379,1
175,78.29807692,75,42.85714286,175,78.25,69,39.42857143,0
263,86.66346154,32,12.16730038,263,87,41,15.58935361,1
208,87.48076923,46,22.11538462,204,87.56,49,24.01960784,1
127,82.50413223,10,7.874015748,133,80.49,37,27.81954887,1
177,81.31343284,62,35.02824859,160,79.97333333,55,34.375,1
193,81.58,41,21.24352332,193,81.83333333,70,36.26943005,0
137,81.69047619,32,23.35766423,170,82.54666667,41,24.11764706,0
208,87.46153846,47,22.59615385,204,87.10666667,56,27.45098039,1
108,83.79439252,38,35.18518519,108,83.32,50,46.2962963,1
220,81.31490385,42,19.09090909,220,79.56,57,25.90909091,1
147,83.6,54,36.73469388,147,85.45333333,55,37.41496599,1
177,82.17910448,31,17.51412429,163,81.93333333,33,20.24539877,1
187,83.66129032,52,27.80748663,237,85.45,69,29.11392405,1
137,83.04,4,2.919708029,138,84.96666667,5,3.623188406,1
156,83.10576923,21,13.46153846,156,82.78,26,16.66666667,1
165,83.98317308,64,38.78787879,165,84.59666667,77,46.66666667,1
156,82.36,38,24.35897436,156,82.92333333,45,28.84615385,1
65,85.02656642,2,3.076923077,65,85.62666667,2,3.076923077,1
263,84.77884615,46,17.4904943,263,85.21333333,47,17.87072243,0
240,85.43333333,60,25,298,85.28,66,22.14765101,1
214,83.05769231,48,22.42990654,214,84.28,39,18.22429907,1
115,85.84090909,6,5.217391304,144,85.58,7,4.861111111,1
156,82.73728814,31,19.87179487,190,82.31333333,40,21.05263158,1
214,82.18269231,76,35.51401869,214,80.77333333,118,55.14018692,1
108,84.22463768,4,3.703703704,160,84.46666667,6,3.75,1
177,82.08955224,35,19.7740113,170,82.99666667,35,20.58823529,1
177,82.76119403,22,12.42937853,165,83.42666667,25,15.15151515,1
214,81.55769231,100,46.72897196,214,82.72,103,48.13084112,1
197,86.14423077,28,14.21319797,197,86.58,36,18.27411168,1
93,80.23893805,25,26.88172043,152,78.43333333,21,13.81578947,0
197,84.92307692,48,24.36548223,197,86.31666667,52,26.39593909,1
122,80.6557377,26,21.31147541,121,79.77333333,36,29.75206612,1
141,83.28461538,11,7.80141844,137,82.79,21,15.32846715,1
135,86.5,32,23.7037037,133,86.1,33,24.81203008,0
271,81.61111111,75,27.67527675,296,81.73666667,66,22.2972973,1
233,81.57692308,48,20.60085837,233,81.33666667,73,31.3304721,1
177,81.8358209,43,24.29378531,162,81.68666667,41,25.30864198,1
137,80.88865546,16,11.67883212,137,82.14,19,13.86861314,1
214,84.02634615,11,5.140186916,214,83.10666667,39,18.22429907,1
175,79.22115385,37,21.14285714,175,79.05333333,48,27.42857143,1
107,82.42307692,5,4.672897196,107,83.39,10,9.345794393,1
193,80.776,58,30.05181347,193,80.77333333,71,36.78756477,1
65,80.92130326,15,23.07692308,65,82.64666667,16,24.61538462,1
187,82.55,86,45.98930481,186,85.44,88,47.31182796,1
177,81.79104478,45,25.42372881,170,82.83333333,50,29.41176471,0
50,82.83870968,6,12,52,83.84666667,8,15.38461538,1
79,82.82,4,5.063291139,79,84.14333333,5,6.329113924,1
104,79,5,4.807692308,103,80.22333333,4,3.883495146,1
73,87.125,6,8.219178082,95,86.88666667,7,7.368421053,1
175,77.55555556,36,20.57142857,175,79.89,33,18.85714286,0
79,81.56896552,18,22.78481013,79,80.63,22,27.84810127,1
74,86.3,14,18.91891892,109,85.59,19,17.43119266,1
197,83.76,76,38.5786802,197,85.42666667,78,39.59390863,1
177,83.7962963,57,32.20338983,177,85.61,65,36.72316384,1
65,83.88471178,4,6.153846154,65,83.09,10,15.38461538,1
108,83.77884615,38,35.18518519,108,83.2,36,33.33333333,1
70,79.63461538,35,50,70,79.74333333,36,51.42857143,1
79,83.22,3,3.797468354,79,84.16666667,4,5.063291139,1
113,81.42519685,43,38.05309735,113,81.58333333,39,34.51327434,1
233,86.94,25,10.72961373,233,86.95333333,24,10.30042918,1
135,89.03632479,1,0.740740741,133,88.84333333,5,3.759398496,1
156,82.29661017,41,26.28205128,156,83.81333333,40,25.64102564,1
175,78.51851852,24,13.71428571,175,80,35,20,1
88,82.77235772,15,17.04545455,134,80.23,22,16.41791045,1
52,80,15,28.84615385,66,80,19,28.78787879,0
160,81.53125,21,13.125,196,81.66666667,34,17.34693878,1
52,80.17,14,26.92307692,52,80.17,14,26.92307692,1
137,82.70634921,10,7.299270073,170,83.68,15,8.823529412,1
52,80.33,13,25,52,80.33,13,25,1
52,80.83333333,10,19.23076923,80,80.83,19,23.75,1
52,84,2,3.846153846,52,84,2,3.846153846,1
58,78.16129032,26,44.82758621,64,78.18333333,34,53.125,0
160,81.0859375,31,19.375,230,80.01333333,34,14.7826087,0
197,84.84615385,49,24.87309645,197,85.51,51,25.88832487,1
93,81.15929204,14,15.05376344,123,81.98,12,9.756097561,1
156,82.44230769,26,16.66666667,156,81.55,42,26.92307692,1
200,81.25,22,11,200,84.09,13,6.5,1
229,86.87,15,6.550218341,229,88.06333333,22,9.6069869,1
229,86.76,17,7.423580786,229,88.21,19,8.296943231,0
76,81.22,28,36.84210526,76,83.16666667,34,44.73684211,1
141,83.39,10,7.092198582,141,85.30333333,11,7.80141844,0
233,91.03,7,3.004291845,232,92.45666667,5,2.155172414,0
229,81.87,81,35.37117904,229,84.30333333,69,30.13100437,1
109,86.86,2,1.834862385,109,88.47333333,2,1.834862385,1
133,85.68,43,32.33082707,133,87.06666667,35,26.31578947,1
29,78.8,3,10.34482759,29,80.56,3,10.34482759,0
111,85.65,9,8.108108108,111,87.63333333,6,5.405405405,1
105,85.89,10,9.523809524,105,87.67666667,11,10.47619048,1
108,79.09,7,6.481481481,108,79.94,19,17.59259259,1
212,80.44,9,4.245283019,210,81.28,16,7.619047619,1
212,80.98,2,0.943396226,210,81.94333333,9,4.285714286,1
161,84.89,1,0.621118012,161,86.60666667,1,0.621118012,1
200,83.38,6,3,200,85.30333333,4,2,0
77,86.93,10,12.98701299,77,89.30333333,9,11.68831169,1
63,77.78,3,4.761904762,63,79.46666667,5,7.936507937,0
171,84.19,3,1.754385965,171,85.53333333,8,4.678362573,0
162,84.21,43,26.54320988,162,86.44333333,41,25.30864198,1
60,88.59,15,25,60,89.66666667,11,18.33333333,1
100,81.52,29,29,100,82.13666667,37,37,0
41,82.73,4,9.756097561,41,83.28,10,24.3902439,1
200,81.74,14,7,200,83.84666667,15,7.5,1
197,85.03,6,3.045685279,197,86.25666667,11,5.583756345,1
161,79.46,71,44.09937888,161,80.54666667,53,32.91925466,1
161,79.88,52,32.29813665,161,80.75666667,46,28.57142857,1
337,80.78,139,41.2462908,337,82.24666667,148,43.91691395,1
212,80.28,12,5.660377358,210,82.05666667,9,4.285714286,1
225,88.29,14,6.222222222,224,90.07333333,17,7.589285714,1
136,93,65,47.79411765,136,94.27666667,58,42.64705882,1
225,86.31,50,22.22222222,224,88.17666667,47,20.98214286,1
225,86.82,34,15.11111111,225,91.37,32,14.22222222,1
136,93.47,38,27.94117647,136,94.70333333,36,26.47058824,1
60,89.05,8,13.33333333,60,90.22333333,5,8.333333333,0
77,83.78,11,14.28571429,77,85.27666667,14,18.18181818,1
88,83.38,8,9.090909091,88,86.33666667,6,6.818181818,1
52,82.67,2,3.846153846,52,84.69666667,2,3.846153846,1
273,86.95,26,9.523809524,273,88.18333333,26,9.523809524,1
175,86.9,26,14.85714286,175,89.48666667,27,15.42857143,1
162,87.71,9,5.555555556,162,89.83333333,9,5.555555556,1
279,84.76,67,24.01433692,279,88.35666667,59,21.14695341,1
171,83.92,6,3.50877193,171,85.71666667,5,2.923976608,1
80,82.68,23,28.75,80,84.77666667,15,18.75,1
233,89.01,35,15.02145923,232,90.44,38,16.37931034,1
195,82.48,5,2.564102564,195,84.24,4,2.051282051,1
171,83.66,77,45.02923977,171,85.69666667,77,45.02923977,1
195,84.06,1,0.512820513,195,85.75666667,1,0.512820513,1
80,83.63,9,11.25,80,86.80333333,8,10,1
195,81.26,15,7.692307692,195,83.42333333,8,4.102564103,1
225,86.07,54,24,224,87.67666667,59,26.33928571,1
225,86.59,39,17.33333333,224,88.01333333,49,21.875,1
171,87.55,8,4.678362573,171,90.66666667,5,2.923976608,0
184,86.35,12,6.52173913,181,88.36333333,19,10.49723757,1
279,87.71,13,4.659498208,279,91.22666667,17,6.093189964,0
229,84.14,34,14.84716157,229,86.33333333,44,19.2139738,1
279,84.4,84,30.10752688,279,87.54666667,81,29.03225806,1
124,89.52,7,5.64516129,124,90.84666667,10,8.064516129,1
108,79.86,4,3.703703704,108,82.21333333,2,1.851851852,1
95,78.13,12,12.63157895,95,78.44333333,17,17.89473684,1
200,79.87,41,20.5,200,81.12333333,82,41,1
77,83.98,8,10.38961039,77,85.11333333,15,19.48051948,0
264,83.31,17,6.439393939,263,84.66333333,25,9.505703422,0
251,82.04,40,15.93625498,248,82.94666667,41,16.53225806,0
184,88.38,4,2.173913043,181,91.42333333,3,1.657458564,1
109,89.07,13,11.9266055,109,89.42333333,18,16.51376147,1
279,84.64,74,26.52329749,279,88.19,62,22.22222222,1
171,83.5,17,9.941520468,171,85,18,10.52631579,0
184,85.02,49,26.63043478,181,86.66666667,67,37.01657459,1
184,86.35,12,6.52173913,181,88.42666667,19,10.49723757,1
229,86.23,20,8.733624454,229,87.78666667,24,10.48034934,1
184,85.56,31,16.84782609,181,87.02666667,52,28.72928177,1
65,77.14,33,50.76923077,65,79.93666667,40,61.53846154,1
195,79.78,54,27.69230769,195,80.88,63,32.30769231,1
87,79.39,19,21.83908046,87,80.86666667,16,18.3908046,1
212,85.1,35,16.50943396,212,87.11666667,43,20.28301887,0
195,80.29,32,16.41025641,195,81.30333333,48,24.61538462,1
87,84.59,2,2.298850575,87,85.37,2,2.298850575,1
147,84.59,8,5.442176871,147,86.07333333,7,4.761904762,1
147,83.08,21,14.28571429,147,83.58,32,21.76870748,1
123,80.59,23,18.69918699,123,82.25,21,17.07317073,1
184,84.85,62,33.69565217,181,86.48666667,69,38.12154696,1
166,83.33,22,13.25301205,166,86.90666667,27,16.26506024,1
184,85.77,24,13.04347826,181,87.33,40,22.09944751,1
132,79.95,32,24.24242424,132,82.06333333,39,29.54545455,1
184,84.62,74,40.2173913,181,86.24333333,82,45.3038674,1
153,82.55,56,36.60130719,152,84.70333333,48,31.57894737,1
208,85.38,32,15.38461538,208,88.91,21,10.09615385,1
162,84.72,38,23.45679012,162,88.27666667,21,12.96296296,1
156,81.76,21,13.46153846,156,84.24,30,19.23076923,0
194,81.92,24,12.37113402,194,83.15333333,25,12.88659794,1
58,83.54,1,1.724137931,58,83.85666667,2,3.448275862,1
236,88.16,24,10.16949153,236,91.66333333,15,6.355932203,1
109,82.69,51,46.78899083,109,83.72,58,53.21100917,1
64,83.91,1,1.5625,64,84.67,1,1.5625,1
51,82.13,14,27.45098039,51,84.66,11,21.56862745,1
228,87.44,4,1.754385965,228,89.15333333,6,2.631578947,1
26,84.55,1,3.846153846,26,86.27666667,1,3.846153846,0
109,90.07,11,10.09174312,109,90.18333333,11,10.09174312,0
167,81.51,78,46.70658683,167,82.10333333,76,45.50898204,1
93,92.11,2,2.150537634,93,93,2,2.150537634,1
200,79.53,55,27.5,200,80.66666667,89,44.5,1
147,86.24,3,2.040816327,147,87.54333333,3,2.040816327,1
184,84.76,67,36.41304348,182,88.545,50,27.47252747,1
171,83.38,19,11.11111111,171,85.08333333,15,8.771929825,1
141,84.28,5,3.546099291,141,86.60666667,4,2.836879433,1
272,83.56,33,12.13235294,272,86.54666667,38,13.97058824,1
272,83.55,34,12.5,272,88.36,133,48.89705882,1
193,82.88,26,13.47150259,193,84.42666667,25,12.95336788,1
124,88.77,9,7.258064516,124,89.85,14,11.29032258,1
184,84.56,80,43.47826087,181,86.75666667,66,36.4640884,1
141,83.88,8,5.673758865,141,86.03333333,8,5.673758865,1
83,84.39,7,8.43373494,83,86.65333333,11,13.25301205,0
206,91.68,2,0.970873786,206,94.60666667,2,0.970873786,1
173,84.58,3,1.734104046,172,86.48,7,4.069767442,1
101,81.67,5,4.95049505,101,82.56,15,14.85148515,1
279,86.62,21,7.52688172,279,89.71333333,41,14.6953405,1
135,79.01,14,10.37037037,135,81.69666667,13,9.62962963,1
229,85.34,27,11.79039301,229,86.81666667,34,14.84716157,1
195,90.02,15,7.692307692,193,92.68,6,3.10880829,0
187,86.86,53,28.34224599,187,87.97333333,59,31.55080214,1
272,82.51,74,27.20588235,272,85.60666667,80,29.41176471,1
193,83.36,20,10.3626943,192,86.47333333,9,4.6875,1
171,83.59,16,9.356725146,171,85.10666667,15,8.771929825,1
195,90.87,9,4.615384615,193,91.58,15,7.772020725,1
161,80.31,34,21.11801242,161,80.57666667,49,30.43478261,0
171,83.24,26,15.20467836,171,85.01333333,17,9.941520468,0
251,80.98,76,30.27888446,248,81.72333333,86,34.67741935,1
446,87.2,50,11.21076233,445,89.45666667,39,8.764044944,1
171,81.79,64,37.42690058,171,83.29666667,61,35.67251462,1
251,81.04,73,29.08366534,248,82.11,69,27.82258065,1
33,80.91,8,24.24242424,33,81.27,10,30.3030303,1
233,90.8,8,3.433476395,232,91.93666667,11,4.74137931,1
93,86.61,30,32.25806452,93,87.06,31,33.33333333,1
167,85.05,20,11.9760479,167,84.67,27,16.16766467,1
110,84.88,1,0.909090909,110,85.39333333,2,1.818181818,0
167,88.69,4,2.395209581,167,88.42333333,7,4.191616766,1
229,82.36,64,27.94759825,229,84.45333333,66,28.8209607,1
236,90.45,6,2.542372881,236,92.75666667,6,2.542372881,1
180,83.78,1,0.555555556,180,85,4,2.222222222,1
180,81.62,37,20.55555556,180,83.2,32,17.77777778,1
180,83.59,4,2.222222222,180,85.11,4,2.222222222,1
93,92.08,3,3.225806452,93,93.03333333,2,2.150537634,1
236,91.65,1,0.423728814,236,94,2,0.847457627,1
446,85.31,90,20.1793722,445,87.27333333,89,20,1
193,83.03,23,11.91709845,193,85.12,16,8.29015544,0
236,86.53,50,21.18644068,236,88.72666667,57,24.15254237,1
236,87.18,34,14.40677966,236,89.27333333,46,19.49152542,1
193,83.27,17,8.808290155,193,84.94,17,8.808290155,1
63,76.92,7,11.11111111,63,77.97333333,22,34.92063492,1
171,84.12,4,2.339181287,171,85.30666667,11,6.432748538,1
36,85.5,5,13.88888889,36,87.27666667,3,8.333333333,1
36,85.8,4,11.11111111,36,87.61,2,5.555555556,1
109,88.38,17,15.59633028,109,88.72666667,22,20.18348624,1
124,80.81,56,45.16129032,123,81.68666667,64,52.03252033,0
74,87.04,34,45.94594595,74,89.03,31,41.89189189,1
175,85.44,57,32.57142857,175,87.39666667,64,36.57142857,1
153,79.95,73,47.7124183,153,82,63,41.17647059,1
47,78.55,8,17.0212766,47,80.74,7,14.89361702,1
132,79.51,57,43.18181818,132,81.75666667,55,41.66666667,1
297,78.49,128,43.0976431,297,79.73666667,144,48.48484848,1
260,86.66,28,10.76923077,260,88.57333333,18,6.923076923,0
36,82.44,9,25,36,84.06,11,30.55555556,1
229,85.86,23,10.04366812,229,87.30333333,29,12.66375546,0
77,85.13,2,2.597402597,77,86.38666667,3,3.896103896,1
239,83.07,57,23.84937238,239,85.06,69,28.87029289,1
239,83.68,47,19.66527197,239,86.42333333,42,17.57322176,1
212,78.72,36,16.98113208,210,80.28,34,16.19047619,1
194,84.44,3,1.546391753,194,85.79666667,3,1.546391753,1
127,80.85,12,9.448818898,127,82.18,11,8.661417323,1
233,88.53,50,21.45922747,232,89.47333333,62,26.72413793,1
141,83.6,9,6.382978723,141,85.33333333,11,7.80141844,1
161,80.65,22,13.66459627,161,81.39333333,34,21.11801242,0
251,82.54,29,11.55378486,248,83.66666667,26,10.48387097,1
214,85.1,31,14.48598131,214,86.94,49,22.89719626,1
24,80.85,5,20.83333333,24,81.50333333,5,20.83333333,1
123,82.31,3,2.43902439,123,85.48666667,2,1.62601626,1
193,86.06,2,1.03626943,193,87.30333333,2,1.03626943,1
141,81.3,42,29.78723404,141,82.54666667,51,36.17021277,0
88,78.52,13,14.77272727,88,79.42666667,14,15.90909091,1
153,84.6,6,3.921568627,153,86.21333333,5,3.267973856,1
172,85.86,50,29.06976744,172,87.29333333,44,25.58139535,1
141,81.88,27,19.14893617,141,83.75666667,28,19.85815603,1
260,87.78,10,3.846153846,260,89.21,10,3.846153846,1
153,87.26,1,0.653594771,153,89.03,1,0.653594771,1
135,76.48,60,44.44444444,135,78.36333333,60,44.44444444,1
141,80.63,64,45.39007092,141,81.90666667,72,51.06382979,1
127,80.34,23,18.11023622,127,81.37,28,22.04724409,1
90,83.35,13,14.44444444,90,84.54666667,15,16.66666667,1
180,81.69,34,18.88888889,180,83.34666667,34,18.88888889,1
123,81.64,5,4.06504065,123,84.42333333,5,4.06504065,1
127,81.31,9,7.086614173,127,81.49666667,22,17.32283465,1
193,83.63,10,5.18134715,193,84.94,17,8.808290155,1
156,82.52,44,28.20512821,155,83.1,44,28.38709677,1
272,84.63,12,4.411764706,272,87.94,11,4.044117647,1
196,82.28,52,26.53061224,196,84.09333333,37,18.87755102,1
272,84.7,10,3.676470588,272,88,12,4.411764706,1
210,78.03,46,21.9047619,210,80.3,33,15.71428571,1
264,83.23,61,23.10606061,264,87.32,47,17.8030303,1
205,84.3,6,2.926829268,205,86.11666667,6,2.926829268,1
194,82.43,12,6.18556701,194,83.48666667,21,10.82474227,1
272,83.74,26,9.558823529,272,86,58,21.32352941,1
67,83.63,11,16.41791045,67,85.66666667,7,10.44776119,1
147,84.82,6,4.081632653,147,86,6,4.081632653,1
272,83.25,43,15.80882353,272,85.87666667,65,23.89705882,1
156,85.05,22,14.1025641,155,86.4,21,13.5483871,1
175,86.63,41,23.42857143,175,89.12,31,17.71428571,1
156,84.58,26,16.66666667,155,84.74666667,32,20.64516129,1
115,85.54,4,3.47826087,111,86.65,5,4.504504505,0
180,82.2,18,10,180,83.6,23,12.77777778,1
113,80.11,29,25.66371681,113,82.3,41,36.28318584,1
212,78.54,45,21.22641509,210,80.33333333,48,22.85714286,1
239,83.68,47,19.66527197,239,85.15,68,28.45188285,1
229,81.19,96,41.92139738,229,83.39333333,88,38.4279476,1
131,83.54,32,24.42748092,131,83.86333333,43,32.82442748,1
196,83.84,12,6.12244898,196,85.81,9,4.591836735,1
264,82.2,85,32.1969697,264,85.09,70,26.51515152,1
279,86.48,24,8.602150538,279,89.74666667,27,9.677419355,1
180,82.06,21,11.66666667,180,83.42,28,15.55555556,1
67,82.91,6,8.955223881,67,84.38666667,6,8.955223881,1
156,81.33,70,44.87179487,155,82.42,56,36.12903226,1
180,81.31,54,30,180,82.99,39,21.66666667,1
264,82.72,74,28.03030303,264,88.64,53,20.07575758,1
83,85.24,5,6.024096386,83,87.29666667,6,7.228915663,1
279,85.44,50,17.92114695,279,88.39333333,56,20.07168459,1
153,82.85,13,8.496732026,153,85.01666667,14,9.150326797,1
171,84.49,1,0.584795322,171,85.84666667,8,4.678362573,1
115,86.46,2,1.739130435,111,88.21333333,1,0.900900901,1
446,88.56,22,4.932735426,445,89.39,45,10.11235955,1
156,86.7,14,8.974358974,155,87.26666667,13,8.387096774,1
196,82.4,46,23.46938776,196,83.82,49,25,1
200,81.71,15,7.5,200,83.57666667,20,10,1
217,86.12,17,7.834101382,217,87.91,20,9.216589862,1
205,82.19,18,8.780487805,205,82.03333333,25,12.19512195,1
187,88.92,17,9.090909091,187,89.94,25,13.36898396,1
239,88.76,13,5.439330544,239,89.24333333,18,7.531380753,1
115,81.45,21,18.26086957,111,82.06333333,33,29.72972973,1
196,82.15,59,30.10204082,196,83.32333333,75,38.26530612,0
196,82.49,40,20.40816327,196,84.40666667,27,13.7755102,1
279,84.75,69,24.7311828,279,88.75,54,19.35483871,1
25,75.61,3,12,25,75.23333333,3,12,1
196,83.67,18,9.183673469,196,85.57333333,12,6.12244898,1
173,82.3,75,43.35260116,172,83.91666667,82,47.6744186,0
53,85.72,1,1.886792453,53,86.32,2,3.773584906,1
169,85.72,11,6.50887574,168,87.55666667,10,5.952380952,1
67,81.11,16,23.88059701,67,82.28,19,28.35820896,1
53,84.82,2,3.773584906,53,85.72666667,2,3.773584906,1
147,83.65,15,10.20408163,147,84.33333333,21,14.28571429,1
244,81.65,34,13.93442623,244,82.40666667,39,15.98360656,1
205,77.67,68,33.17073171,205,78.29666667,71,34.63414634,1
144,85.99,38,26.38888889,144,87.18,34,23.61111111,1
279,85.69,44,15.77060932,279,88.85666667,39,13.97849462,1
123,80.95,9,7.317073171,123,83.42666667,9,7.317073171,0
446,84.04,127,28.47533632,445,85.57666667,144,32.35955056,1
260,85.03,97,37.30769231,260,86.03,91,35,1
208,87.4,45,21.63461538,208,88.74666667,64,30.76923077,1
446,86.2,69,15.47085202,445,88.15333333,70,15.73033708,1
212,85.82,23,10.8490566,212,88.42333333,23,10.8490566,1
100,83.96,3,3,100,84.89,3,3,1
193,82.69,35,18.13471503,192,84.59,37,19.27083333,1
162,84.58,19,11.72839506,162,86.43,44,27.16049383,0
146,83.43,16,10.95890411,146,84.38666667,32,21.91780822,0
68,84.86,1,1.470588235,68,86.75666667,1,1.470588235,1
125,81.87,13,10.4,125,83.02333333,23,18.4,1
75,83.94,12,16,75,84.39666667,14,18.66666667,0
156,84.29,28,17.94871795,155,84.76666667,27,17.41935484,1
193,81.62,60,31.0880829,192,83.24666667,79,41.14583333,1
167,82.99,44,26.34730539,167,83.07,56,33.53293413,1
229,80.88,105,45.85152838,229,82.63333333,109,47.59825328,1
193,80.73,97,50.25906736,193,82.06,102,52.84974093,0
124,83.7,8,6.451612903,124,85.12666667,9,7.258064516,1
109,88.39,16,14.67889908,109,87.18,34,31.19266055,1
105,85.27,18,17.14285714,105,87.06,24,22.85714286,1
164,85.45,17,10.36585366,164,87.33333333,17,10.36585366,1
212,80.81,3,1.41509434,210,82.11333333,7,3.333333333,1
446,86.22,67,15.02242152,445,88.45666667,61,13.70786517,1
156,87.35,12,7.692307692,155,88.73333333,7,4.516129032,1
247,82.82,62,25.10121457,247,84.08666667,72,29.14979757,1
196,82.79,30,15.30612245,196,84.19,35,17.85714286,1
446,86.75,59,13.22869955,445,88.3,65,14.60674157,1
212,84.89,39,18.39622642,212,87.07333333,45,21.22641509,1
93,92.44,1,1.075268817,93,93.18,2,2.150537634,1
171,83.35,22,12.86549708,171,84.90333333,19,11.11111111,0
146,83.76,11,7.534246575,146,85.83333333,9,6.164383562,1
146,81.89,54,36.98630137,146,83.22,50,34.24657534,1
74,78.11,11,14.86486486,74,78.22333333,25,33.78378378,1
171,82.86,34,19.88304094,171,84.84333333,20,11.69590643,1
146,82.85,26,17.80821918,146,84.33333333,26,17.80821918,1
80,82.6,25,31.25,80,83.55333333,33,41.25,1
171,83.38,19,11.11111111,171,85.29666667,15,8.771929825,1
146,83.11,24,16.43835616,146,85.16666667,13,8.904109589,1
210,76.67,74,35.23809524,210,79.03333333,55,26.19047619,1
153,80.5,53,34.64052288,153,83.54666667,36,23.52941176,1
98,88.29,3,3.06122449,98,89.98666667,3,3.06122449,1
98,83.07,2,2.040816327,98,84.85333333,2,2.040816327,1
196,82.44,44,22.44897959,196,84.18,46,23.46938776,1
166,82.27,49,29.51807229,166,85.60666667,54,32.53012048,1
196,83.65,19,9.693877551,196,85.14,18,9.183673469,1
153,83.52,9,5.882352941,153,85.44666667,10,6.535947712,1
272,83.86,21,7.720588235,272,86.57333333,44,16.17647059,1
18,87,1,5.555555556,18,87.94666667,1,5.555555556,1
171,81.59,79,46.19883041,171,81.82333333,140,81.87134503,1
171,82.89,32,18.71345029,171,84.20333333,35,20.46783626,0
156,87.68,7,4.487179487,155,88.35666667,9,5.806451613,1
18,85.27,1,5.555555556,18,85.72,2,11.11111111,0
26,79.76,10,38.46153846,26,81.16333333,8,30.76923077,1
123,81.22,6,4.87804878,123,84.00333333,6,4.87804878,1
279,84.67,72,25.80645161,279,87.40666667,92,32.97491039,1
91,79.95,12,13.18681319,91,81.41,12,13.18681319,1
142,84.76,36,25.35211268,142,85.75,39,27.46478873,1
105,87.43,7,6.666666667,105,89.22,4,3.80952381,1
177,80.99,21,11.86440678,177,82.02666667,22,12.42937853,1
125,81.81,15,12,125,83.13,20,16,1
251,84,36,14.34262948,251,85.06,50,19.92031873,1
94,80.23,14,14.89361702,94,81.39333333,15,15.95744681,1
153,84.18,27,17.64705882,152,84.88666667,46,30.26315789,1
212,84.81,42,19.81132075,212,87.10333333,46,21.69811321,1
146,83.24,22,15.06849315,146,85.16666667,15,10.2739726,1
210,76.56,80,38.0952381,210,78.03,88,41.9047619,1
60,86.82,2,3.333333333,60,88.35,1,1.666666667,1
326,85.1,33,10.12269939,325,86.24333333,73,22.46153846,1
48,81.22,9,18.75,48,81.44666667,11,22.91666667,1
76,79.37,2,2.631578947,76,80.25333333,7,9.210526316,0
194,80.47,58,29.89690722,194,81.19333333,74,38.1443299,0
22,84.91,5,22.72727273,22,86.38666667,4,18.18181818,0
210,78.41,38,18.0952381,210,80.24,31,14.76190476,0
58,94.13,5,8.620689655,58,95.55333333,5,8.620689655,1
196,82.25,54,27.55102041,196,83.53666667,67,34.18367347,0
189,84.85,18,9.523809524,189,86.48333333,17,8.994708995,1
180,83.12,5,2.777777778,180,84.02333333,13,7.222222222,1
