,0,1,2,3,4,5,6,7,8,9,10
577,66.67,60.0,0.0,46.67,55.56,22.35,7.22,50.0,100.0,10.96,1.0
58,0.0,40.0,50.0,33.33,55.56,22.35,5.15,59.42,100.0,10.96,0.0
108,33.33,30.0,75.0,33.33,55.56,34.54,5.15,63.89,100.0,7.34,0.0
484,0.0,20.0,50.0,33.33,55.56,50.34,5.15,41.67,100.0,13.84,1.0
213,66.67,20.0,25.0,33.33,55.56,22.35,5.15,91.67,100.0,10.96,0.0
313,100.0,50.0,50.0,33.33,33.33,22.35,3.09,61.11,100.0,10.96,0.0
219,66.67,30.0,25.0,33.33,55.56,58.01,5.15,52.78,100.0,3.67,0.0
258,66.67,20.0,50.0,33.33,33.33,16.25,5.15,58.33,100.0,5.37,0.0
425,66.67,40.0,25.0,33.33,77.78,22.35,7.22,44.44,100.0,10.96,1.0
152,66.67,30.0,75.0,33.33,11.11,37.92,1.03,58.33,100.0,1.69,0.0
398,66.67,20.0,25.0,33.33,33.33,42.89,5.15,75.0,100.0,4.8,1.0
40,0.0,60.0,50.0,33.33,55.56,13.77,5.15,41.67,100.0,9.04,0.0
115,33.33,60.0,75.0,46.67,77.78,26.86,7.22,63.89,100.0,7.91,0.0
164,66.67,80.0,25.0,33.33,55.56,22.35,3.09,52.78,100.0,10.96,0.0
396,66.67,40.0,50.0,46.67,11.11,11.29,5.15,80.56,100.0,0.85,1.0
440,33.33,20.0,50.0,33.33,55.56,11.06,5.15,59.42,100.0,0.28,1.0
127,33.33,20.0,50.0,33.33,55.56,58.69,5.15,83.33,100.0,9.89,0.0
455,33.33,30.0,50.0,46.67,55.56,16.03,5.15,66.67,100.0,2.54,1.0
293,66.67,30.0,25.0,33.33,33.33,22.35,5.15,55.56,100.0,10.96,0.0
566,33.33,80.0,50.0,46.67,77.78,65.24,5.15,77.78,100.0,12.71,1.0
45,0.0,70.0,0.0,33.33,11.11,22.35,1.03,59.42,100.0,10.96,0.0
531,0.0,50.0,50.0,33.33,55.56,8.8,5.15,86.11,100.0,0.0,1.0
338,66.67,50.0,50.0,33.33,55.56,22.35,5.15,50.0,100.0,10.96,1.0
336,0.0,90.0,50.0,33.33,55.56,6.32,5.15,38.89,100.0,2.26,1.0
171,66.67,60.0,50.0,33.33,55.56,22.35,1.03,38.89,100.0,10.96,0.0
51,0.0,70.0,50.0,6.67,55.56,22.35,5.15,59.42,100.0,10.96,0.0
588,33.33,30.0,50.0,33.33,55.56,47.63,5.15,66.67,100.0,30.23,1.0
264,66.67,20.0,75.0,33.33,11.11,37.92,1.03,44.44,100.0,5.37,0.0
261,66.67,60.0,25.0,33.33,33.33,42.89,5.15,50.0,100.0,22.88,0.0
279,66.67,70.0,50.0,33.33,33.33,22.35,5.15,61.11,100.0,10.96,0.0
9,0.0,30.0,50.0,33.33,55.56,30.02,5.15,75.0,100.0,2.26,0.0
523,66.67,50.0,50.0,33.33,33.33,22.35,3.09,44.44,100.0,10.96,1.0
421,0.0,30.0,50.0,33.33,55.56,22.35,5.15,59.42,100.0,10.96,1.0
414,66.67,40.0,50.0,33.33,11.11,22.35,5.15,63.89,100.0,10.96,1.0
617,66.67,60.0,0.0,6.67,11.11,22.35,1.03,36.11,100.0,10.96,1.0
141,66.67,50.0,25.0,20.0,33.33,31.15,3.09,55.56,100.0,4.52,0.0
527,100.0,80.0,25.0,33.33,55.56,22.35,5.15,80.56,100.0,10.96,1.0
175,66.67,40.0,50.0,33.33,55.56,55.98,5.15,55.56,100.0,12.43,0.0
134,33.33,70.0,75.0,33.33,77.78,35.44,7.22,52.78,100.0,9.89,0.0
586,33.33,70.0,75.0,46.67,77.78,10.61,7.22,72.22,100.0,3.95,1.0
69,33.33,80.0,50.0,33.33,55.56,66.14,5.15,63.89,100.0,45.76,0.0
179,66.67,30.0,25.0,33.33,55.56,22.35,5.15,52.78,100.0,10.96,0.0
603,66.67,20.0,25.0,46.67,33.33,22.35,3.09,61.11,100.0,10.96,1.0
548,0.0,50.0,75.0,46.67,55.56,38.37,5.15,80.56,100.0,8.19,1.0
418,66.67,60.0,50.0,33.33,55.56,55.98,5.15,55.56,100.0,22.32,1.0
87,33.33,60.0,50.0,33.33,55.56,39.73,5.15,59.42,100.0,5.93,0.0
256,66.67,30.0,50.0,33.33,11.11,32.28,1.03,50.0,100.0,11.3,0.0
283,66.67,40.0,0.0,33.33,11.11,16.48,3.09,63.89,100.0,0.85,0.0
561,0.0,70.0,75.0,46.67,55.56,7.9,5.15,69.44,100.0,3.95,1.0
592,66.67,10.0,50.0,33.33,77.78,22.35,1.03,63.89,100.0,10.96,1.0
466,66.67,50.0,50.0,33.33,33.33,23.7,5.15,44.44,100.0,4.24,1.0
212,66.67,50.0,25.0,46.67,33.33,22.35,7.22,75.0,100.0,10.96,0.0
397,66.67,10.0,0.0,33.33,55.56,22.35,7.22,33.33,100.0,10.96,1.0
351,0.0,0.0,50.0,33.33,55.56,42.21,5.15,55.56,100.0,11.02,1.0
44,0.0,20.0,75.0,60.0,77.78,22.35,7.22,59.42,100.0,10.96,0.0
364,33.33,30.0,100.0,46.67,100.0,23.7,7.22,61.11,100.0,6.78,1.0
500,0.0,40.0,50.0,33.33,55.56,22.35,5.15,59.42,100.0,10.96,1.0
509,66.67,80.0,50.0,33.33,33.33,20.32,5.15,66.67,100.0,8.76,1.0
453,66.67,10.0,50.0,33.33,55.56,22.35,5.15,50.0,100.0,10.96,1.0
136,66.67,60.0,0.0,33.33,11.11,22.35,5.15,50.0,100.0,10.96,0.0
512,0.0,30.0,50.0,33.33,55.56,14.45,5.15,77.78,100.0,8.76,1.0
554,66.67,40.0,50.0,20.0,33.33,60.72,5.15,72.22,100.0,2.54,1.0
581,33.33,30.0,50.0,33.33,55.56,66.14,5.15,72.22,100.0,32.77,1.0
320,100.0,70.0,50.0,33.33,55.56,22.35,5.15,66.67,100.0,10.96,0.0
200,66.67,0.0,50.0,20.0,55.56,22.35,3.09,50.0,100.0,10.96,0.0
84,33.33,50.0,50.0,33.33,55.56,36.57,5.15,77.78,100.0,10.73,0.0
359,0.0,30.0,50.0,33.33,55.56,4.97,5.15,58.33,100.0,3.39,1.0
143,66.67,40.0,50.0,33.33,55.56,22.35,5.15,77.78,100.0,10.96,0.0
481,100.0,40.0,25.0,20.0,55.56,22.35,5.15,77.78,100.0,10.96,1.0
47,0.0,50.0,50.0,33.33,55.56,22.35,5.15,59.42,100.0,10.96,0.0
436,33.33,60.0,50.0,33.33,55.56,17.38,5.15,63.89,100.0,1.41,1.0
99,33.33,40.0,75.0,46.67,55.56,56.88,7.22,66.67,100.0,3.67,0.0
191,66.67,40.0,25.0,33.33,33.33,22.35,3.09,91.67,100.0,10.96,0.0
340,66.67,20.0,0.0,33.33,11.11,22.35,1.03,33.33,100.0,10.96,1.0
59,0.0,20.0,50.0,33.33,55.56,22.35,7.22,59.42,100.0,10.96,0.0
11,0.0,30.0,50.0,33.33,55.56,40.63,5.15,55.56,100.0,4.52,0.0
26,0.0,80.0,50.0,33.33,55.56,32.96,5.15,55.56,100.0,24.01,0.0
326,0.0,40.0,50.0,33.33,55.56,6.32,5.15,75.0,100.0,0.56,1.0
249,66.67,40.0,100.0,46.67,33.33,22.35,3.09,97.22,100.0,10.96,0.0
437,33.33,60.0,50.0,33.33,55.56,48.76,5.15,55.56,100.0,5.93,1.0
526,66.67,30.0,50.0,33.33,33.33,22.35,3.09,22.22,100.0,10.96,1.0
72,33.33,40.0,50.0,33.33,55.56,31.38,5.15,58.33,100.0,12.71,0.0
86,33.33,70.0,50.0,33.33,55.56,53.27,5.15,59.42,100.0,4.52,0.0
188,66.67,50.0,75.0,33.33,11.11,22.35,1.03,55.56,100.0,10.96,0.0
177,66.67,20.0,75.0,33.33,55.56,47.18,7.22,55.56,100.0,15.25,0.0
569,66.67,60.0,50.0,33.33,55.56,22.35,5.15,58.33,100.0,10.96,1.0
190,66.67,80.0,0.0,33.33,11.11,22.35,5.15,55.56,100.0,10.96,0.0
499,66.67,50.0,50.0,20.0,55.56,39.28,5.15,41.67,100.0,5.08,1.0
106,33.33,50.0,50.0,33.33,55.56,58.69,5.15,50.0,100.0,35.03,0.0
380,33.33,30.0,100.0,60.0,77.78,25.28,9.28,72.22,100.0,6.78,1.0
245,66.67,30.0,25.0,33.33,77.78,43.57,7.22,50.0,100.0,20.34,0.0
576,33.33,30.0,50.0,33.33,55.56,26.64,5.15,50.0,100.0,3.95,1.0
92,33.33,50.0,0.0,33.33,11.11,6.32,5.15,55.56,100.0,0.28,0.0
252,66.67,80.0,75.0,33.33,33.33,22.35,3.09,52.78,100.0,10.96,0.0
535,33.33,90.0,50.0,46.67,55.56,17.16,5.15,58.33,100.0,2.82,1.0
449,66.67,70.0,75.0,46.67,33.33,22.35,7.22,52.78,100.0,10.96,1.0
201,66.67,0.0,50.0,20.0,55.56,22.35,3.09,50.0,100.0,10.96,0.0
607,0.0,40.0,75.0,60.0,77.78,30.93,7.22,44.44,100.0,13.84,1.0
157,66.67,40.0,0.0,33.33,77.78,22.35,1.03,52.78,100.0,10.96,0.0
646,33.33,20.0,50.0,33.33,55.56,46.28,5.15,58.33,100.0,14.97,1.0
195,66.67,30.0,25.0,33.33,55.56,22.35,5.15,52.78,100.0,10.96,0.0
282,66.67,80.0,75.0,33.33,77.78,22.35,3.09,50.0,100.0,10.96,0.0
280,66.67,80.0,50.0,33.33,33.33,22.35,5.15,19.44,100.0,10.96,0.0
140,66.67,30.0,0.0,33.33,11.11,22.35,5.15,33.33,100.0,10.96,0.0
642,66.67,20.0,0.0,33.33,11.11,22.35,1.03,78.31,100.0,10.96,1.0
456,66.67,30.0,75.0,33.33,77.78,22.35,7.22,50.0,100.0,10.96,1.0
221,66.67,10.0,50.0,33.33,33.33,51.02,3.09,54.86,100.0,7.06,0.0
228,66.67,20.0,50.0,33.33,55.56,22.35,5.15,47.22,100.0,10.96,0.0
412,0.0,60.0,50.0,33.33,55.56,22.57,5.15,50.0,100.0,12.15,1.0
176,66.67,10.0,75.0,33.33,11.11,37.92,1.03,58.33,100.0,3.39,0.0
504,66.67,40.0,50.0,20.0,33.33,22.35,5.15,55.56,100.0,10.96,1.0
519,33.33,50.0,50.0,33.33,55.56,21.22,5.15,94.47,100.0,1.69,1.0
638,66.67,0.0,75.0,33.33,77.78,32.51,7.22,58.33,100.0,1.41,1.0
614,33.33,0.0,50.0,33.33,55.56,51.69,5.15,59.42,100.0,36.16,1.0
135,66.67,40.0,0.0,33.33,55.56,22.35,5.15,19.44,100.0,10.96,0.0
472,66.67,30.0,50.0,33.33,11.11,14.45,5.15,63.89,100.0,5.08,1.0
445,0.0,70.0,50.0,33.33,55.56,22.35,5.15,59.42,100.0,10.96,1.0
324,33.33,50.0,75.0,46.67,77.78,26.86,7.22,63.89,100.0,6.78,1.0
251,66.67,60.0,75.0,33.33,33.33,22.35,3.09,41.67,100.0,10.96,0.0
382,66.67,80.0,50.0,33.33,33.33,22.35,5.15,47.22,100.0,10.96,1.0
371,33.33,40.0,100.0,46.67,100.0,23.25,7.22,61.11,100.0,4.52,1.0
473,0.0,40.0,50.0,33.33,55.56,33.18,5.15,47.22,100.0,22.32,1.0
550,33.33,30.0,50.0,33.33,55.56,38.15,5.15,59.42,100.0,5.93,1.0
319,100.0,0.0,50.0,33.33,11.11,22.35,1.03,58.33,100.0,10.96,0.0
105,33.33,80.0,75.0,33.33,77.78,54.4,7.22,63.89,100.0,5.37,0.0
616,66.67,40.0,50.0,33.33,55.56,22.35,5.15,77.78,100.0,10.96,1.0
262,66.67,10.0,0.0,6.67,11.11,22.35,1.03,44.44,100.0,10.96,0.0
333,66.67,60.0,75.0,33.33,55.56,22.35,5.15,58.33,100.0,10.96,1.0
423,66.67,30.0,0.0,33.33,11.11,22.35,1.03,86.11,100.0,10.96,1.0
599,0.0,60.0,50.0,33.33,55.56,15.8,5.15,69.44,100.0,2.82,1.0
24,0.0,0.0,50.0,33.33,55.56,22.35,5.15,66.67,100.0,1.41,0.0
229,66.67,40.0,0.0,33.33,11.11,22.35,1.03,52.78,100.0,10.96,0.0
347,0.0,30.0,50.0,33.33,55.56,22.35,5.15,59.42,100.0,10.96,1.0
163,66.67,50.0,50.0,33.33,55.56,37.92,5.15,50.0,100.0,1.13,0.0
602,66.67,80.0,0.0,33.33,55.56,22.35,5.15,91.67,100.0,10.96,1.0
182,66.67,30.0,75.0,46.67,77.78,22.35,3.09,41.67,100.0,10.96,0.0
375,66.67,70.0,0.0,46.67,11.11,22.35,5.15,88.89,100.0,10.96,1.0
32,0.0,40.0,50.0,0.0,55.56,2.93,5.15,77.78,100.0,0.28,0.0
623,66.67,20.0,0.0,33.33,77.78,22.35,5.15,47.22,100.0,10.96,1.0
628,66.67,60.0,75.0,33.33,77.78,22.35,3.09,61.11,100.0,10.96,1.0
458,0.0,100.0,50.0,46.67,55.56,22.35,7.22,59.42,100.0,10.96,1.0
441,33.33,50.0,75.0,46.67,77.78,41.08,7.22,80.56,100.0,21.75,1.0
76,33.33,60.0,50.0,33.33,55.56,49.66,5.15,59.42,100.0,22.03,0.0
19,0.0,40.0,50.0,33.33,77.78,22.8,7.22,61.11,100.0,7.06,0.0
34,0.0,70.0,50.0,33.33,55.56,12.42,5.15,44.44,100.0,3.11,0.0
639,66.67,40.0,0.0,33.33,11.11,22.35,1.03,58.33,100.0,10.96,1.0
247,66.67,50.0,0.0,33.33,77.78,38.37,1.03,63.89,100.0,16.67,0.0
517,0.0,30.0,50.0,33.33,55.56,22.57,5.15,36.11,100.0,4.24,1.0
239,66.67,70.0,75.0,46.67,33.33,22.35,3.09,27.78,100.0,10.96,0.0
314,100.0,0.0,0.0,46.67,77.78,22.35,7.22,44.44,100.0,10.96,0.0
236,66.67,40.0,50.0,33.33,33.33,25.28,5.15,63.89,100.0,1.41,0.0
438,66.67,70.0,0.0,33.33,55.56,27.09,7.22,63.89,100.0,4.8,1.0
95,33.33,60.0,50.0,33.33,55.56,26.64,5.15,50.0,100.0,5.08,0.0
549,33.33,50.0,50.0,33.33,55.56,49.66,5.15,59.42,100.0,10.45,1.0
185,66.67,40.0,25.0,33.33,33.33,22.35,3.09,41.67,100.0,10.96,0.0
60,0.0,80.0,50.0,33.33,55.56,22.35,5.15,59.42,100.0,10.96,0.0
18,0.0,70.0,50.0,33.33,55.56,54.18,5.15,80.56,100.0,4.24,0.0
300,100.0,50.0,25.0,33.33,55.56,22.35,5.15,50.0,100.0,10.96,0.0
53,0.0,50.0,50.0,33.33,55.56,22.35,5.15,59.42,100.0,10.96,0.0
358,33.33,50.0,100.0,33.33,77.78,52.14,7.22,52.78,100.0,35.88,1.0
332,33.33,80.0,50.0,33.33,55.56,23.48,5.15,69.44,100.0,0.56,1.0
383,66.67,40.0,0.0,33.33,11.11,22.35,5.15,36.11,100.0,10.96,1.0
97,33.33,30.0,75.0,46.67,77.78,41.08,7.22,83.33,100.0,4.52,0.0
568,66.67,20.0,25.0,46.67,77.78,45.6,7.22,75.0,100.0,1.69,1.0
302,100.0,0.0,25.0,33.33,55.56,22.35,5.15,50.0,100.0,10.96,0.0
339,0.0,10.0,50.0,33.33,55.56,31.38,5.15,36.11,100.0,22.03,1.0
294,66.67,30.0,25.0,46.67,77.78,22.35,7.22,50.0,100.0,10.96,0.0
30,0.0,30.0,50.0,33.33,55.56,6.77,5.15,41.67,100.0,2.82,0.0
636,66.67,0.0,100.0,46.67,33.33,22.35,3.09,88.89,100.0,10.96,1.0
571,0.0,20.0,50.0,46.67,55.56,22.35,7.22,59.42,100.0,10.96,1.0
231,66.67,30.0,0.0,46.67,11.11,22.35,1.03,52.78,100.0,10.96,0.0
442,33.33,40.0,75.0,46.67,77.78,41.31,7.22,75.0,100.0,4.52,1.0
198,66.67,10.0,50.0,33.33,11.11,43.34,5.15,77.78,100.0,1.13,0.0
145,66.67,80.0,0.0,33.33,11.11,22.35,1.03,41.67,100.0,10.96,0.0
430,66.67,30.0,25.0,33.33,77.78,43.57,7.22,55.56,100.0,10.73,1.0
593,0.0,0.0,50.0,33.33,55.56,33.63,5.15,52.78,100.0,17.8,1.0
387,66.67,20.0,25.0,33.33,55.56,22.35,3.09,86.11,100.0,10.96,1.0
316,100.0,0.0,50.0,33.33,33.33,22.35,5.15,36.11,100.0,10.96,0.0
413,66.67,60.0,75.0,46.67,33.33,33.86,7.22,55.56,100.0,4.24,1.0
394,0.0,20.0,50.0,33.33,55.56,15.58,5.15,41.67,100.0,6.21,1.0
124,33.33,80.0,50.0,33.33,55.56,38.37,5.15,50.0,100.0,18.08,0.0
165,66.67,20.0,0.0,33.33,11.11,22.35,1.03,36.11,100.0,10.96,0.0
241,66.67,50.0,0.0,46.67,55.56,22.35,5.15,41.67,100.0,10.96,0.0
444,66.67,20.0,50.0,20.0,55.56,22.35,5.15,61.11,100.0,10.96,1.0
3,0.0,70.0,50.0,33.33,55.56,7.45,5.15,50.0,100.0,0.28,0.0
541,0.0,70.0,50.0,33.33,55.56,22.35,5.15,59.42,100.0,10.96,1.0
148,66.67,70.0,50.0,33.33,55.56,22.35,5.15,44.44,100.0,10.96,0.0
543,66.67,30.0,0.0,6.67,0.0,22.35,5.15,47.22,100.0,10.96,1.0
327,66.67,30.0,0.0,6.67,11.11,22.35,1.03,50.0,100.0,10.96,1.0
459,33.33,50.0,50.0,33.33,55.56,44.24,5.15,59.42,100.0,24.86,1.0
529,0.0,30.0,50.0,33.33,55.56,22.35,5.15,59.42,100.0,10.96,1.0
129,33.33,70.0,50.0,33.33,77.78,29.35,5.15,61.11,100.0,13.28,0.0
389,0.0,60.0,50.0,33.33,55.56,22.35,5.15,59.42,100.0,10.96,1.0
465,66.67,40.0,50.0,33.33,33.33,22.35,3.09,50.0,100.0,10.96,1.0
562,66.67,30.0,0.0,86.67,11.11,22.35,3.09,36.11,100.0,10.96,1.0
289,66.67,50.0,50.0,33.33,55.56,4.29,5.15,72.22,100.0,0.85,0.0
618,66.67,40.0,50.0,33.33,55.56,22.35,5.15,75.0,100.0,10.96,1.0
118,33.33,60.0,50.0,33.33,55.56,41.53,5.15,59.42,100.0,24.01,0.0
452,66.67,20.0,50.0,33.33,55.56,40.86,5.15,69.44,100.0,13.84,1.0
424,66.67,60.0,50.0,33.33,55.56,22.35,5.15,75.0,100.0,10.96,1.0
331,66.67,50.0,0.0,33.33,11.11,13.77,5.15,52.78,100.0,0.28,1.0
158,66.67,40.0,75.0,33.33,77.78,12.87,3.09,77.78,100.0,1.98,0.0
85,33.33,10.0,50.0,33.33,55.56,48.76,5.15,59.42,100.0,20.62,0.0
203,66.67,50.0,75.0,33.33,11.11,37.92,1.03,55.56,100.0,4.52,0.0
522,33.33,60.0,75.0,46.67,77.78,48.76,7.22,66.67,100.0,15.54,1.0
385,33.33,40.0,50.0,33.33,55.56,38.83,5.15,50.0,100.0,5.93,1.0
410,0.0,90.0,50.0,33.33,55.56,22.35,5.15,59.42,100.0,10.96,1.0
101,33.33,30.0,75.0,46.67,77.78,38.37,7.22,50.0,100.0,14.12,0.0
174,66.67,20.0,50.0,33.33,55.56,58.92,1.03,58.33,100.0,4.8,0.0
56,0.0,70.0,50.0,33.33,55.56,22.35,5.15,59.42,100.0,10.96,0.0
54,0.0,30.0,50.0,33.33,55.56,22.35,5.15,59.42,100.0,10.96,0.0
587,0.0,80.0,50.0,33.33,55.56,18.06,5.15,47.22,100.0,4.52,1.0
62,0.0,30.0,50.0,33.33,55.56,22.35,5.15,59.42,100.0,10.96,0.0
506,0.0,20.0,50.0,33.33,55.56,22.35,5.15,59.42,100.0,10.96,1.0
288,66.67,40.0,0.0,33.33,55.56,22.35,5.15,33.33,100.0,10.96,0.0
377,66.67,40.0,50.0,20.0,33.33,48.31,5.15,77.78,100.0,6.5,1.0
73,33.33,30.0,50.0,33.33,55.56,36.57,5.15,63.19,100.0,5.65,0.0
579,66.67,40.0,50.0,33.33,55.56,27.09,5.15,69.44,100.0,0.56,1.0
117,33.33,60.0,75.0,46.67,77.78,44.7,7.22,88.89,100.0,2.54,0.0
211,66.67,30.0,50.0,33.33,11.11,22.35,5.15,41.67,100.0,10.96,0.0
15,0.0,60.0,50.0,33.33,55.56,60.05,5.15,83.33,100.0,45.48,0.0
485,66.67,30.0,75.0,33.33,77.78,22.35,7.22,41.67,100.0,10.96,1.0
361,66.67,40.0,50.0,33.33,55.56,22.35,3.09,83.33,100.0,10.96,1.0
74,33.33,40.0,50.0,33.33,55.56,18.28,5.15,59.42,100.0,0.0,0.0
21,0.0,40.0,50.0,33.33,55.56,16.48,5.15,91.67,100.0,0.85,0.0
214,66.67,30.0,50.0,60.0,77.78,27.31,7.22,36.11,100.0,9.32,0.0
494,0.0,20.0,50.0,33.33,55.56,12.42,5.15,56.94,100.0,7.34,1.0
518,66.67,60.0,0.0,33.33,11.11,22.35,5.15,96.22,100.0,10.96,1.0
257,66.67,70.0,50.0,33.33,55.56,22.35,5.15,27.78,100.0,10.96,0.0
17,0.0,0.0,50.0,33.33,55.56,58.69,5.15,66.67,100.0,12.15,0.0
192,66.67,60.0,25.0,20.0,33.33,22.35,3.09,52.78,100.0,10.96,0.0
150,66.67,40.0,50.0,33.33,33.33,22.35,3.09,38.19,100.0,10.96,0.0
372,33.33,80.0,50.0,33.33,55.56,47.63,5.15,63.89,100.0,41.53,1.0
31,0.0,10.0,50.0,33.33,55.56,23.7,5.15,52.78,100.0,17.51,0.0
103,33.33,70.0,50.0,33.33,55.56,48.76,5.15,63.89,100.0,16.95,0.0
138,66.67,30.0,50.0,33.33,33.33,51.02,3.09,72.22,100.0,4.8,0.0
429,33.33,70.0,75.0,46.67,55.56,56.88,7.22,83.33,100.0,2.54,1.0
225,66.67,40.0,25.0,20.0,33.33,35.67,5.15,52.78,100.0,4.24,0.0
111,33.33,10.0,50.0,33.33,55.56,34.99,5.15,52.78,100.0,4.24,0.0
7,0.0,70.0,25.0,20.0,33.33,5.42,3.09,55.56,100.0,5.08,0.0
78,33.33,60.0,50.0,33.33,77.78,3.16,7.22,58.33,100.0,0.85,0.0
379,66.67,10.0,50.0,46.67,33.33,22.35,3.09,38.89,100.0,10.96,1.0
540,33.33,70.0,75.0,46.67,77.78,43.34,7.22,72.22,100.0,10.73,1.0
370,0.0,50.0,75.0,46.67,55.56,32.73,7.22,61.11,100.0,16.38,1.0
343,33.33,50.0,75.0,33.33,77.78,35.44,7.22,50.0,100.0,1.69,1.0
365,33.33,60.0,75.0,33.33,77.78,4.51,7.22,72.22,100.0,0.0,1.0
83,33.33,60.0,50.0,33.33,77.78,65.46,5.15,58.33,100.0,0.56,0.0
433,33.33,40.0,50.0,33.33,55.56,21.22,5.15,77.03,100.0,14.12,1.0
284,66.67,30.0,0.0,33.33,11.11,22.35,1.03,58.69,100.0,10.96,0.0
75,33.33,30.0,50.0,33.33,55.56,11.51,5.15,59.42,100.0,2.82,0.0
536,33.33,70.0,50.0,33.33,55.56,38.6,5.15,59.42,100.0,4.24,1.0
508,66.67,20.0,75.0,33.33,55.56,47.18,7.22,52.78,100.0,11.3,1.0
2,0.0,30.0,50.0,33.33,55.56,49.89,5.15,72.22,100.0,2.54,0.0
407,66.67,80.0,0.0,33.33,55.56,22.35,5.15,75.0,100.0,10.96,1.0
298,100.0,50.0,25.0,33.33,55.56,22.35,5.15,47.22,100.0,10.96,0.0
79,33.33,20.0,75.0,46.67,77.78,43.34,7.22,72.22,100.0,9.89,0.0
269,66.67,40.0,75.0,33.33,77.78,22.35,3.09,52.78,100.0,10.96,0.0
208,66.67,20.0,25.0,33.33,55.56,22.35,5.15,58.33,100.0,10.96,0.0
341,66.67,20.0,50.0,33.33,33.33,24.38,3.09,52.08,100.0,0.85,1.0
218,66.67,60.0,50.0,33.33,11.11,22.35,1.03,50.0,100.0,10.96,0.0
193,66.67,40.0,50.0,33.33,77.78,18.06,1.03,61.11,100.0,2.26,0.0
516,66.67,80.0,25.0,20.0,33.33,22.35,5.15,61.11,100.0,10.96,1.0
489,66.67,50.0,50.0,20.0,33.33,41.53,3.09,61.11,100.0,12.71,1.0
197,66.67,60.0,25.0,33.33,33.33,22.35,3.09,55.56,100.0,10.96,0.0
250,66.67,30.0,0.0,33.33,11.11,22.35,1.03,88.89,100.0,10.96,0.0
580,0.0,50.0,50.0,46.67,55.56,22.35,5.15,59.42,100.0,10.96,1.0
139,66.67,60.0,25.0,33.33,55.56,22.35,5.15,61.11,100.0,10.96,0.0
167,66.67,60.0,25.0,46.67,77.78,62.3,3.09,55.56,100.0,0.85,0.0
354,33.33,80.0,50.0,33.33,55.56,34.76,5.15,59.42,100.0,3.95,1.0
606,0.0,0.0,0.0,33.33,11.11,22.35,1.03,59.42,100.0,10.96,1.0
403,66.67,50.0,0.0,33.33,11.11,22.35,1.03,50.0,100.0,10.96,1.0
395,0.0,30.0,0.0,6.67,11.11,22.35,1.03,59.42,100.0,10.96,1.0
609,66.67,30.0,50.0,33.33,55.56,22.35,5.15,72.22,100.0,10.96,1.0
278,66.67,50.0,25.0,33.33,33.33,22.35,5.15,55.56,100.0,10.96,0.0
525,33.33,30.0,75.0,33.33,55.56,34.54,5.15,75.0,100.0,1.69,1.0
100,33.33,80.0,50.0,33.33,55.56,32.73,5.15,63.89,100.0,2.54,0.0
305,100.0,60.0,0.0,33.33,11.11,22.35,5.15,72.22,100.0,10.96,0.0
490,66.67,40.0,50.0,33.33,55.56,22.35,5.15,75.0,100.0,10.96,1.0
632,66.67,40.0,50.0,33.33,55.56,22.35,1.03,47.22,100.0,10.96,1.0
640,66.67,50.0,25.0,46.67,55.56,10.84,3.09,55.56,100.0,3.95,1.0
310,100.0,70.0,0.0,33.33,33.33,22.35,5.15,66.67,100.0,10.96,0.0
608,66.67,30.0,50.0,46.67,11.11,22.35,5.15,44.44,100.0,10.96,1.0
321,100.0,60.0,25.0,33.33,55.56,22.35,5.15,38.89,100.0,10.96,0.0
268,66.67,60.0,100.0,33.33,33.33,22.35,9.28,41.67,100.0,10.96,0.0
357,66.67,30.0,50.0,33.33,11.11,47.18,5.15,50.0,100.0,3.67,1.0
637,0.0,40.0,50.0,46.67,77.78,33.86,7.22,52.78,100.0,13.28,1.0
154,66.67,70.0,50.0,33.33,11.11,21.9,1.03,66.67,100.0,16.1,0.0
131,33.33,50.0,50.0,33.33,55.56,38.83,5.15,41.67,100.0,12.71,0.0
230,66.67,70.0,50.0,33.33,11.11,22.35,5.15,66.67,100.0,10.96,0.0
374,0.0,90.0,50.0,33.33,55.56,22.35,5.15,59.42,100.0,10.96,1.0
270,66.67,30.0,25.0,33.33,55.56,22.35,5.15,63.89,100.0,10.96,0.0
114,33.33,20.0,50.0,33.33,55.56,31.38,5.15,59.42,100.0,5.08,0.0
402,66.67,0.0,25.0,33.33,33.33,22.35,3.09,50.0,100.0,10.96,1.0
217,66.67,40.0,0.0,6.67,11.11,22.35,1.03,44.44,100.0,10.96,0.0
463,66.67,60.0,0.0,46.67,33.33,22.35,1.03,47.22,100.0,10.96,1.0
633,66.67,20.0,25.0,33.33,33.33,22.35,3.09,41.67,100.0,10.96,1.0
287,66.67,40.0,50.0,33.33,55.56,22.35,5.15,66.67,100.0,10.96,0.0
90,33.33,50.0,50.0,33.33,55.56,27.77,5.15,59.42,100.0,7.91,0.0
210,66.67,80.0,0.0,6.67,11.11,22.35,1.03,41.67,100.0,10.96,0.0
226,66.67,50.0,50.0,33.33,55.56,22.35,5.15,58.33,100.0,10.96,0.0
620,0.0,100.0,50.0,33.33,55.56,2.26,5.15,72.22,100.0,2.26,1.0
350,33.33,20.0,50.0,33.33,55.56,47.63,5.15,58.33,100.0,0.28,1.0
299,100.0,40.0,50.0,33.33,33.33,22.35,5.15,55.56,100.0,10.96,0.0
151,66.67,70.0,0.0,33.33,11.11,13.54,5.15,44.44,100.0,0.85,0.0
477,33.33,60.0,50.0,33.33,55.56,43.79,5.15,63.89,100.0,12.43,1.0
94,33.33,30.0,75.0,46.67,55.56,56.88,7.22,83.33,100.0,1.69,0.0
355,66.67,30.0,50.0,33.33,55.56,22.35,5.15,55.56,100.0,10.96,1.0
631,33.33,70.0,50.0,33.33,55.56,22.35,5.15,69.44,100.0,7.91,1.0
344,66.67,50.0,0.0,60.0,11.11,22.35,5.15,75.0,100.0,10.96,1.0
263,66.67,70.0,0.0,33.33,55.56,22.35,1.03,58.33,100.0,10.96,0.0
501,0.0,50.0,50.0,33.33,55.56,16.7,5.15,41.67,100.0,9.32,1.0
259,66.67,20.0,25.0,46.67,33.33,22.35,3.09,63.89,100.0,10.96,0.0
36,0.0,30.0,50.0,33.33,55.56,46.95,5.15,38.89,100.0,41.24,0.0
334,0.0,30.0,50.0,33.33,55.56,17.38,5.15,50.0,100.0,11.58,1.0
572,66.67,50.0,0.0,33.33,11.11,13.54,7.22,30.56,100.0,3.95,1.0
629,33.33,30.0,50.0,33.33,55.56,47.63,5.15,55.56,100.0,13.56,1.0
0,0.0,20.0,50.0,86.67,55.56,0.0,5.15,36.11,100.0,0.28,0.0
41,0.0,10.0,50.0,33.33,55.56,8.13,5.15,63.89,100.0,0.56,0.0
144,66.67,60.0,50.0,33.33,55.56,22.35,5.15,80.56,100.0,10.96,0.0
329,33.33,60.0,50.0,46.67,55.56,6.09,7.22,72.22,100.0,0.0,1.0
10,0.0,40.0,50.0,33.33,55.56,20.32,5.15,69.44,100.0,6.5,0.0
643,33.33,70.0,50.0,33.33,55.56,22.8,5.15,55.56,100.0,10.45,1.0
644,33.33,40.0,50.0,33.33,55.56,53.05,5.15,55.56,100.0,1.13,1.0
237,66.67,40.0,50.0,33.33,55.56,22.35,1.03,50.0,100.0,10.96,0.0
189,66.67,60.0,50.0,33.33,33.33,22.35,5.15,72.22,100.0,10.96,0.0
491,66.67,40.0,50.0,33.33,33.33,22.35,3.09,61.11,100.0,10.96,1.0
621,66.67,40.0,75.0,46.67,33.33,33.86,7.22,52.78,100.0,1.13,1.0
584,66.67,20.0,50.0,33.33,55.56,22.35,5.15,55.56,100.0,10.96,1.0
297,100.0,70.0,50.0,33.33,33.33,22.35,5.15,61.11,100.0,10.96,0.0
408,66.67,40.0,0.0,33.33,11.11,22.35,5.15,41.67,100.0,10.96,1.0
348,66.67,40.0,25.0,33.33,55.56,23.93,5.15,79.97,100.0,3.95,1.0
38,0.0,60.0,50.0,33.33,55.56,49.44,5.15,72.22,100.0,26.84,0.0
515,33.33,70.0,75.0,46.67,77.78,70.65,7.22,72.22,100.0,8.76,1.0
497,33.33,50.0,0.0,6.67,11.11,36.12,1.03,63.89,100.0,13.28,1.0
107,33.33,70.0,50.0,46.67,77.78,65.24,5.15,88.89,100.0,1.98,0.0
285,66.67,30.0,75.0,33.33,33.33,43.12,5.15,47.22,100.0,19.77,0.0
81,33.33,40.0,100.0,60.0,77.78,25.06,9.28,63.89,100.0,9.04,0.0
125,33.33,80.0,50.0,33.33,55.56,42.89,5.15,59.42,100.0,7.63,0.0
470,33.33,0.0,75.0,46.67,77.78,26.86,7.22,63.89,100.0,2.54,1.0
420,66.67,80.0,50.0,33.33,33.33,33.86,5.15,55.56,100.0,8.76,1.0
183,66.67,50.0,50.0,20.0,33.33,22.35,5.15,66.67,100.0,10.96,0.0
246,66.67,50.0,25.0,33.33,33.33,22.35,7.22,69.44,100.0,10.96,0.0
205,66.67,20.0,50.0,20.0,55.56,22.35,3.09,66.67,100.0,10.96,0.0
267,66.67,10.0,25.0,33.33,33.33,22.35,5.15,44.44,100.0,10.96,0.0
545,66.67,20.0,25.0,33.33,55.56,22.35,5.15,52.78,100.0,10.96,1.0
49,0.0,30.0,50.0,33.33,55.56,22.35,5.15,59.42,100.0,10.96,0.0
589,33.33,20.0,50.0,33.33,55.56,34.99,5.15,47.22,100.0,16.95,1.0
597,66.67,0.0,25.0,33.33,33.33,27.31,5.15,75.0,100.0,1.41,1.0
574,0.0,100.0,50.0,46.67,77.78,22.35,7.22,59.42,100.0,10.96,1.0
67,0.0,10.0,50.0,33.33,55.56,22.35,5.15,59.42,100.0,10.96,0.0
595,66.67,70.0,25.0,33.33,33.33,22.35,3.09,72.22,100.0,10.96,1.0
337,66.67,40.0,50.0,33.33,33.33,22.35,3.09,63.89,100.0,10.96,1.0
345,0.0,30.0,50.0,73.33,55.56,22.35,5.15,59.42,100.0,10.96,1.0
330,33.33,40.0,50.0,33.33,55.56,52.37,5.15,59.42,100.0,10.17,1.0
342,33.33,50.0,50.0,33.33,55.56,34.09,5.15,55.56,100.0,17.8,1.0
544,66.67,30.0,0.0,46.67,55.56,16.48,5.15,38.89,100.0,7.06,1.0
161,66.67,20.0,25.0,46.67,11.11,22.35,5.15,88.89,100.0,10.96,0.0
539,0.0,60.0,50.0,46.67,77.78,34.54,5.15,72.22,100.0,29.38,1.0
1,0.0,50.0,50.0,33.33,55.56,6.55,5.15,90.28,100.0,1.98,0.0
307,100.0,60.0,25.0,20.0,55.56,22.35,5.15,52.78,100.0,10.96,0.0
513,0.0,10.0,75.0,46.67,100.0,44.47,7.22,63.89,100.0,2.82,1.0
227,66.67,40.0,25.0,20.0,33.33,31.15,3.09,38.89,100.0,19.77,0.0
507,0.0,30.0,75.0,46.67,77.78,16.25,7.22,77.78,100.0,3.67,1.0
625,66.67,80.0,25.0,33.33,55.56,22.35,5.15,52.78,100.0,10.96,1.0
352,66.67,10.0,0.0,46.67,11.11,22.35,1.03,44.44,100.0,10.96,1.0
295,100.0,50.0,50.0,33.33,11.11,22.35,1.03,69.44,100.0,10.96,0.0
530,33.33,60.0,75.0,33.33,77.78,59.82,7.22,58.33,100.0,15.82,1.0
5,0.0,30.0,50.0,33.33,55.56,44.02,5.15,55.56,100.0,9.32,0.0
303,100.0,0.0,100.0,33.33,100.0,22.35,5.15,61.11,100.0,10.96,0.0
206,66.67,20.0,0.0,33.33,11.11,22.35,1.03,50.0,100.0,10.96,0.0
220,66.67,60.0,25.0,33.33,55.56,22.35,5.15,58.33,100.0,10.96,0.0
153,66.67,60.0,50.0,33.33,55.56,22.35,5.15,63.89,100.0,10.96,0.0
64,0.0,50.0,50.0,33.33,55.56,22.35,5.15,59.42,100.0,10.96,0.0
281,66.67,70.0,25.0,33.33,33.33,22.35,7.22,38.89,100.0,10.96,0.0
434,100.0,50.0,25.0,33.33,55.56,22.35,5.15,77.78,100.0,10.96,1.0
570,33.33,60.0,50.0,33.33,55.56,21.22,5.15,65.67,100.0,16.1,1.0
8,0.0,20.0,50.0,33.33,55.56,30.02,5.15,75.0,100.0,10.45,0.0
33,0.0,10.0,50.0,33.33,55.56,18.96,5.15,52.78,100.0,9.6,0.0
583,0.0,40.0,50.0,33.33,55.56,22.35,5.15,59.42,100.0,10.96,1.0
121,33.33,60.0,75.0,33.33,55.56,34.54,5.15,58.33,100.0,9.32,0.0
322,100.0,0.0,50.0,33.33,33.33,22.35,5.15,38.89,100.0,10.96,0.0
510,66.67,20.0,50.0,33.33,33.33,46.73,3.09,30.56,100.0,4.52,1.0
181,66.67,20.0,50.0,20.0,55.56,34.54,3.09,41.67,100.0,7.63,0.0
647,33.33,50.0,50.0,33.33,55.56,48.76,5.15,59.42,100.0,17.51,1.0
409,33.33,40.0,50.0,33.33,55.56,27.77,5.15,72.22,100.0,8.19,1.0
63,0.0,40.0,50.0,33.33,55.56,22.35,5.15,59.42,100.0,10.96,0.0
112,33.33,50.0,75.0,46.67,77.78,22.35,7.22,72.22,100.0,11.58,0.0
160,66.67,60.0,0.0,33.33,77.78,22.35,7.22,66.67,100.0,10.96,0.0
634,0.0,40.0,50.0,33.33,55.56,22.35,5.15,59.42,100.0,10.96,1.0
416,66.67,60.0,50.0,20.0,33.33,24.83,5.15,44.44,100.0,10.17,1.0
286,66.67,40.0,0.0,6.67,11.11,22.35,3.09,36.11,100.0,10.96,0.0
388,66.67,50.0,0.0,33.33,11.11,22.35,5.15,36.11,100.0,10.96,1.0
483,0.0,50.0,50.0,33.33,55.56,22.35,5.15,59.42,100.0,10.96,1.0
235,66.67,50.0,50.0,33.33,55.56,22.35,5.15,55.56,100.0,10.96,0.0
325,66.67,60.0,25.0,33.33,55.56,22.35,5.15,52.78,100.0,10.96,1.0
133,33.33,30.0,75.0,46.67,77.78,12.42,7.22,50.0,100.0,14.12,0.0
384,66.67,20.0,75.0,33.33,33.33,22.35,5.15,61.11,100.0,10.96,1.0
464,33.33,30.0,75.0,46.67,77.78,48.31,7.22,72.22,100.0,26.27,1.0
137,66.67,30.0,0.0,33.33,11.11,22.35,1.03,50.0,100.0,10.96,0.0
28,0.0,40.0,50.0,33.33,55.56,57.11,5.15,63.89,100.0,45.48,0.0
468,0.0,40.0,50.0,33.33,55.56,22.35,5.15,59.42,100.0,10.96,1.0
271,66.67,70.0,75.0,33.33,11.11,37.92,1.03,52.78,100.0,10.17,0.0
240,66.67,40.0,0.0,33.33,33.33,22.35,7.22,86.11,100.0,10.96,0.0
475,0.0,0.0,0.0,33.33,11.11,22.35,1.03,59.42,100.0,10.96,1.0
248,66.67,30.0,25.0,33.33,33.33,22.35,3.09,63.89,100.0,10.96,0.0
645,0.0,40.0,50.0,33.33,55.56,22.35,5.15,91.67,100.0,1.98,1.0
291,66.67,70.0,25.0,33.33,77.78,43.57,7.22,47.22,100.0,18.36,0.0
80,33.33,30.0,50.0,33.33,55.56,22.35,5.15,59.42,100.0,14.69,0.0
309,100.0,0.0,25.0,33.33,33.33,22.35,3.09,52.78,100.0,10.96,0.0
560,33.33,50.0,50.0,33.33,55.56,16.93,5.15,69.44,100.0,0.28,1.0
482,66.67,40.0,25.0,33.33,55.56,22.35,5.15,66.67,100.0,10.96,1.0
50,0.0,70.0,0.0,6.67,11.11,22.35,1.03,59.42,100.0,10.96,0.0
454,0.0,40.0,50.0,33.33,55.56,38.6,5.15,80.56,100.0,17.23,1.0
274,66.67,70.0,75.0,33.33,33.33,22.35,7.22,44.44,100.0,10.96,0.0
486,66.67,40.0,50.0,33.33,33.33,22.35,3.09,75.0,100.0,10.96,1.0
184,66.67,20.0,25.0,33.33,33.33,22.35,3.09,75.0,100.0,10.96,0.0
315,100.0,0.0,75.0,33.33,33.33,22.35,5.15,75.0,100.0,10.96,0.0
596,66.67,0.0,50.0,33.33,33.33,22.35,3.09,61.11,100.0,10.96,1.0
238,66.67,60.0,50.0,33.33,55.56,22.35,3.09,50.0,100.0,10.96,0.0
304,100.0,80.0,25.0,33.33,55.56,22.35,3.09,66.67,100.0,10.96,0.0
122,33.33,30.0,50.0,33.33,55.56,34.54,5.15,59.42,100.0,7.34,0.0
233,66.67,40.0,50.0,46.67,11.11,22.35,5.15,44.44,100.0,10.96,0.0
253,66.67,60.0,50.0,33.33,55.56,27.09,5.15,63.89,100.0,1.98,0.0
428,33.33,50.0,50.0,33.33,55.56,92.33,5.15,77.78,100.0,6.21,1.0
447,33.33,50.0,0.0,6.67,11.11,36.12,1.03,55.56,100.0,14.41,1.0
622,66.67,60.0,25.0,33.33,77.78,22.35,7.22,50.0,100.0,10.96,1.0
202,66.67,30.0,25.0,20.0,33.33,35.67,5.15,47.22,100.0,11.3,0.0
511,0.0,40.0,50.0,33.33,55.56,3.84,5.15,80.56,100.0,0.85,1.0
610,66.67,60.0,25.0,46.67,77.78,62.3,3.09,58.33,100.0,11.3,1.0
419,66.67,60.0,50.0,33.33,55.56,22.35,1.03,69.44,100.0,10.96,1.0
120,33.33,50.0,75.0,46.67,77.78,43.34,7.22,72.22,100.0,6.78,0.0
368,66.67,60.0,50.0,33.33,11.11,20.77,5.15,38.89,100.0,3.67,1.0
48,0.0,0.0,50.0,33.33,55.56,22.35,5.15,59.42,100.0,10.96,0.0
207,66.67,50.0,50.0,33.33,33.33,24.15,3.09,61.11,100.0,0.0,0.0
